de set. 23 13:43:37 msi systemd[2709]: Started reac-pw.service - PipeWire-native REAC endpoint (reac-pw).
de set. 23 13:43:37 msi reac-pw[2896]: reac-pw: S_KNOB_SET knob REAC_MIXER=m5000 (conf)
de set. 23 13:43:37 msi reac-pw[2896]: reac-pw: S_KNOB_SET knob REAC_RATE=96000 (conf)
de set. 23 13:43:37 msi reac-pw[2896]: reac-pw: S_KNOB_SET knob REACPW_CLOCK_FOLLOW=1 (conf)
de set. 23 13:43:37 msi reac-pw[2896]: reac-pw: S_KNOB_SET knob REACPW_CLOCK_REF=Babyface (conf)
de set. 23 13:43:37 msi reac-pw[2896]: reac-pw: S_KNOB_SUMMARY knobs: 4 set, 24 default
de set. 23 13:43:37 msi reac-pw[2896]: reac-pw: S_NO_OVERRIDES no ~/.config/reac-pw/reac-pw.conf — every segment autodetects. Expert overrides: reac-pw.conf, reac-pw.conf.d/, reac-pw.env, REACPW_*/REAC_* env, or --set KEY=VALUE (see packaging/reac-pw.conf.example, reac-pw.env.example, --help)
de set. 23 13:43:37 msi reac-pw[2896]: reac-pw: 1 configuration file(s), read in this order, LAST WINS per key:
de set. 23 13:43:37 msi reac-pw[2896]: reac-pw:   1. /home/pau/.config/reac-pw/reac-pw.conf.d/50-openmixer.conf
de set. 23 13:43:37 msi reac-pw[2896]: reac-pw: 3 segment(s) overridden
de set. 23 13:43:37 msi reac-pw[2896]: reac-pw:   [segment enp131s0.11] role=tap (reac-pw.conf.d/50-openmixer.conf)
de set. 23 13:43:37 msi reac-pw[2896]: reac-pw:   [segment enp131s0.12] role=tap (reac-pw.conf.d/50-openmixer.conf)
de set. 23 13:43:37 msi reac-pw[2896]: reac-pw:   [segment enp131s0.13] role=tap (reac-pw.conf.d/50-openmixer.conf)
de set. 23 13:43:37 msi reac-pw[2896]: reac-pw: REAC_ROLE='slave' in ~/.config/openmixer/reac.env (last resort) is IGNORED: there is no host-wide role — a role is a fact about ONE wire, and the only thing that can state one is reac-pw.conf [segment <name>] role= (spec 2026-09-16)
de set. 23 13:43:37 msi reac-pw[2896]: reac-pw: 3 declared VLAN segment(s): enp131s0.11 enp131s0.12 enp131s0.13 — each is minted and brought up now, and again whenever its parent appears
de set. 23 13:43:37 msi reac-pw[2896]: reac-pw: [enp131s0.11] declared: adopted, the host made it and it survives us — up and serving
de set. 23 13:43:37 msi reac-pw[2896]: reac-pw: [enp131s0.12] declared: adopted, the host made it and it survives us — up and serving
de set. 23 13:43:37 msi reac-pw[2896]: reac-pw: [enp131s0.13] declared: adopted, the host made it and it survives us — up and serving
de set. 23 13:43:37 msi reac-pw[2896]: reac-pw: hearing: 5 Ethernet interface(s), 5 with link — a segment appears where REAC is heard, and drops 3 s after link is lost
de set. 23 13:43:37 msi reac-pw[2896]: reac-pw: [enp131s0] listening — role auto (autodetected): the wire decides
de set. 23 13:43:37 msi reac-pw[2896]: reac-pw: [enp131s0] REAC_ROLE='slave' in ~/.config/openmixer/reac.env (last resort) is IGNORED: a segment's role is autodetected, and the one thing that overrides it is reac-pw.conf [segment enp131s0] role= (spec 2026-09-16)
de set. 23 13:43:37 msi reac-pw[2896]: reac-pw: [enp128s20f0u6] listening — role auto (autodetected): the wire decides
de set. 23 13:43:37 msi reac-pw[2896]: reac-pw: [enp128s20f0u6] REAC_ROLE='slave' in ~/.config/openmixer/reac.env (last resort) is IGNORED: a segment's role is autodetected, and the one thing that overrides it is reac-pw.conf [segment enp128s20f0u6] role= (spec 2026-09-16)
de set. 23 13:43:37 msi reac-pw[2896]: reac-pw: [enp131s0.11] listening — role tap (reac-pw.conf): serving what is heard on link and transmitting NOTHING: no announce, no join, no grant, no seglock
de set. 23 13:43:37 msi reac-pw[2896]: reac-pw: [enp131s0.11] REAC_ROLE='slave' in ~/.config/openmixer/reac.env (last resort) is IGNORED: a segment's role is autodetected, and the one thing that overrides it is reac-pw.conf [segment enp131s0.11] role= (spec 2026-09-16)
de set. 23 13:43:37 msi reac-pw[2896]: reac-pw: [enp131s0.12] listening — role tap (reac-pw.conf): serving what is heard on link and transmitting NOTHING: no announce, no join, no grant, no seglock
de set. 23 13:43:37 msi reac-pw[2896]: reac-pw: [enp131s0.12] REAC_ROLE='slave' in ~/.config/openmixer/reac.env (last resort) is IGNORED: a segment's role is autodetected, and the one thing that overrides it is reac-pw.conf [segment enp131s0.12] role= (spec 2026-09-16)
de set. 23 13:43:37 msi reac-pw[2896]: reac-pw: [enp131s0.13] listening — role tap (reac-pw.conf): serving what is heard on link and transmitting NOTHING: no announce, no join, no grant, no seglock
de set. 23 13:43:37 msi reac-pw[2896]: reac-pw: [enp131s0.13] REAC_ROLE='slave' in ~/.config/openmixer/reac.env (last resort) is IGNORED: a segment's role is autodetected, and the one thing that overrides it is reac-pw.conf [segment enp131s0.13] role= (spec 2026-09-16)
de set. 23 13:43:37 msi reac-pw[2896]: reac-pw: [enp131s0.11] reac-pw.conf [segment enp131s0.11] role pins this segment as TAP — serving on link with no frame waited for: a tap asserts nothing, so there is nothing for the wire to agree with
de set. 23 13:43:37 msi reac-pw[2896]: reac-pw: [enp131s0.12] reac-pw.conf [segment enp131s0.12] role pins this segment as TAP — serving on link with no frame waited for: a tap asserts nothing, so there is nothing for the wire to agree with
de set. 23 13:43:37 msi reac-pw[2896]: reac-pw: [enp131s0.13] reac-pw.conf [segment enp131s0.13] role pins this segment as TAP — serving on link with no frame waited for: a tap asserts nothing, so there is nothing for the wire to agree with
de set. 23 13:43:38 msi reac-pw[2896]: reac-pw: [enp131s0.11] TAP heard NOTHING on 'enp131s0.11' in 1 s — no master, no box. A tap serves what is on the wire and there is nothing to serve; on a venue switch this is the mirror port not being configured. The segment is published as a VACANT DOOR so it can be seen and its role set, and the tap opens for real on the first frame heard.
de set. 23 13:43:38 msi reac-pw[2896]: reac-pw: [enp131s0.11] REAC rate = 96000 Hz (8000 pps), from ~/.config/reac-pw/reac-pw.env (per-host)
de set. 23 13:43:38 msi reac-pw[2896]: reac-pw: [enp131s0.11] recovered REAC rate = 96000 Hz (8000 pps), rx stream = box upstream return (box-width)
de set. 23 13:43:38 msi reac-pw[2896]: reac-pw: [enp131s0.11] TAP with nothing to serve — NOTHING is on the graph for this segment. It is published when a master's stream is heard on it; until then this journal is where it exists, and reac-pw.conf is where its role is set.
de set. 23 13:43:38 msi reac-pw[2896]: reac-pw: [enp131s0.11] segment PUBLISHED as a VACANT DOOR — nothing is mastering this wire that we can hear, so there is no engine behind the node; the segment exists, its role can be set, and the first verdict on this wire replaces the door — 1 served so far
de set. 23 13:43:39 msi reac-pw[2896]: reac-pw: [enp131s0.12] TAP heard NOTHING on 'enp131s0.12' in 1 s — no master, no box. A tap serves what is on the wire and there is nothing to serve; on a venue switch this is the mirror port not being configured. The segment is published as a VACANT DOOR so it can be seen and its role set, and the tap opens for real on the first frame heard.
de set. 23 13:43:39 msi reac-pw[2896]: reac-pw: [enp131s0.12] REAC rate = 96000 Hz (8000 pps), from ~/.config/reac-pw/reac-pw.env (per-host)
de set. 23 13:43:39 msi reac-pw[2896]: reac-pw: [enp131s0.12] recovered REAC rate = 96000 Hz (8000 pps), rx stream = box upstream return (box-width)
de set. 23 13:43:39 msi reac-pw[2896]: reac-pw: [enp131s0.12] TAP with nothing to serve — NOTHING is on the graph for this segment. It is published when a master's stream is heard on it; until then this journal is where it exists, and reac-pw.conf is where its role is set.
de set. 23 13:43:39 msi reac-pw[2896]: reac-pw: [enp131s0.12] segment PUBLISHED as a VACANT DOOR — nothing is mastering this wire that we can hear, so there is no engine behind the node; the segment exists, its role can be set, and the first verdict on this wire replaces the door — 2 served so far
de set. 23 13:43:40 msi reac-pw[2896]: reac-pw: [enp131s0.13] TAP heard NOTHING on 'enp131s0.13' in 1 s — no master, no box. A tap serves what is on the wire and there is nothing to serve; on a venue switch this is the mirror port not being configured. The segment is published as a VACANT DOOR so it can be seen and its role set, and the tap opens for real on the first frame heard.
de set. 23 13:43:40 msi reac-pw[2896]: reac-pw: [enp131s0.13] REAC rate = 96000 Hz (8000 pps), from ~/.config/reac-pw/reac-pw.env (per-host)
de set. 23 13:43:40 msi reac-pw[2896]: reac-pw: [enp131s0.13] recovered REAC rate = 96000 Hz (8000 pps), rx stream = box upstream return (box-width)
de set. 23 13:43:40 msi reac-pw[2896]: reac-pw: [enp131s0.13] TAP with nothing to serve — NOTHING is on the graph for this segment. It is published when a master's stream is heard on it; until then this journal is where it exists, and reac-pw.conf is where its role is set.
de set. 23 13:43:40 msi reac-pw[2896]: reac-pw: [enp131s0.13] segment PUBLISHED as a VACANT DOOR — nothing is mastering this wire that we can hear, so there is no engine behind the node; the segment exists, its role can be set, and the first verdict on this wire replaces the door — 3 served so far
de set. 23 13:43:40 msi reac-pw[2896]: reac-pw: [enp131s0] no REAC heard in 500 ms — a master fills every slot, so this wire has none: taking it as MASTER and probing until a box cold-connects
de set. 23 13:43:40 msi reac-pw[2896]: reac-pw: [enp131s0] no master heard in 3 s and NOTHING at all was heard on it — a master fills every audio slot, so this wire has none. Whether a box is there is still unknown: a slave is silent until a master speaks — taking the wire as MASTER: probe, grant, establish
de set. 23 13:43:40 msi reac-pw[2896]: reac-pw: [enp128s20f0u6] no REAC heard in 500 ms — a master fills every slot, so this wire has none: taking it as MASTER and probing until a box cold-connects
de set. 23 13:43:40 msi reac-pw[2896]: reac-pw: [enp128s20f0u6] no master heard in 3 s and NOTHING at all was heard on it — a master fills every audio slot, so this wire has none. Whether a box is there is still unknown: a slave is silent until a master speaks — taking the wire as MASTER: probe, grant, establish
de set. 23 13:43:40 msi reac-pw[2896]: reac-pw: [enp131s0] REAC rate = 96000 Hz (8000 pps), from ~/.config/reac-pw/reac-pw.env (per-host)
de set. 23 13:43:40 msi reac-pw[2896]: reac-pw: [enp131s0] recovered REAC rate = 96000 Hz (8000 pps), rx stream = box upstream return (box-width)
de set. 23 13:43:40 msi reac-pw[2896]: reac-qdisc: installed etf clockid CLOCK_TAI delta 300000 skip_sock_check as enp131s0's root qdisc (it carried 'fq_codel'); it is removed again on exit
de set. 23 13:43:40 msi reac-pw[2896]: reac-qdisc: ETF catch-up budget is the LEAD, not the thread's wake tail — 17 slots from a 2500 us lead less the 300 us qdisc delta at 8000 fps
de set. 23 13:43:40 msi reac-pw[2896]: reac-pacer: slot-debt catch-up ON (17 slots = 2125 us at 8000 fps)
de set. 23 13:43:40 msi reac-pw[2896]: reac-clock: following ENABLED (the default; REACPW_CLOCK_FOLLOW=0 opts out) — master (pace: generated here) — free-running (no reference), nominal period 125000 ns; the reference in use is reported on every change
de set. 23 13:43:40 msi reac-pw[2896]: reac-pacer: ETF IS THE DEFAULT AND THIS MACHINE CANNOT RUN IT — the kernel's TAI offset is 0 — CLOCK_TAI is really UTC and every launch time would be wrong. Running the thread backend, whose egress cadence is ~10x looser (interval sd 28.5 us against 2.7 us, measured 2026-09-14). Fix the precondition to get launch-time pacing, or set REACPW_PACER=thread to stop being told.
de set. 23 13:43:40 msi reac-pw[2896]: reac-pw: [enp131s0] MASTER role (M-5000 profile) on 'enp131s0' — event-driven establishment: probing until the box's cold-connect (cdea 04 03) arrives; FSM/RX transcript on stderr
de set. 23 13:43:40 msi reac-pw[2896]: reac-pw: [enp131s0] MASTER autodetect — PROBING, and NOTHING is on the graph for this segment: reac-capture / reac-playback are created when a box is recognized on this wire, and removed again when it leaves. A segment with no box is a line in this journal and not a device.
de set. 23 13:43:40 msi reac-pw[2896]: reac_pacer: SCHED_FIFO prio 45 (built-in) — below the PipeWire graph (driver 60, clients 55)
de set. 23 13:43:40 msi reac-pw[2896]: reac-pw: S_SEGMENT_UP [enp131s0] segment up (master, chosen by hearing the wire) — 4 served so far
de set. 23 13:43:40 msi reac-pw[2896]: reac-pw: [enp128s20f0u6] REAC rate = 96000 Hz (8000 pps), from ~/.config/reac-pw/reac-pw.env (per-host)
de set. 23 13:43:40 msi reac-pw[2896]: reac-pw: [enp128s20f0u6] recovered REAC rate = 96000 Hz (8000 pps), rx stream = box upstream return (box-width)
de set. 23 13:43:40 msi reac-pw[2896]: reac-qdisc: installed etf clockid CLOCK_TAI delta 300000 skip_sock_check as enp128s20f0u6's root qdisc (it carried 'fq_codel'); it is removed again on exit
de set. 23 13:43:40 msi reac-pw[2896]: reac-qdisc: ETF catch-up budget is the LEAD, not the thread's wake tail — 17 slots from a 2500 us lead less the 300 us qdisc delta at 8000 fps
de set. 23 13:43:40 msi reac-pw[2896]: reac-pacer: slot-debt catch-up ON (17 slots = 2125 us at 8000 fps)
de set. 23 13:43:40 msi reac-pw[2896]: reac-clock: following ENABLED (the default; REACPW_CLOCK_FOLLOW=0 opts out) — master (pace: generated here) — free-running (no reference), nominal period 125000 ns; the reference in use is reported on every change
de set. 23 13:43:40 msi reac-pw[2896]: reac-pacer: ETF IS THE DEFAULT AND THIS MACHINE CANNOT RUN IT — the kernel's TAI offset is 0 — CLOCK_TAI is really UTC and every launch time would be wrong. Running the thread backend, whose egress cadence is ~10x looser (interval sd 28.5 us against 2.7 us, measured 2026-09-14). Fix the precondition to get launch-time pacing, or set REACPW_PACER=thread to stop being told.
de set. 23 13:43:40 msi reac-pw[2896]: reac-pw: [enp128s20f0u6] MASTER role (M-5000 profile) on 'enp128s20f0u6' — event-driven establishment: probing until the box's cold-connect (cdea 04 03) arrives; FSM/RX transcript on stderr
de set. 23 13:43:40 msi reac-pw[2896]: reac-pw: [enp128s20f0u6] MASTER autodetect — PROBING, and NOTHING is on the graph for this segment: reac-capture / reac-playback are created when a box is recognized on this wire, and removed again when it leaves. A segment with no box is a line in this journal and not a device.
de set. 23 13:43:40 msi reac-pw[2896]: reac_pacer: SCHED_FIFO prio 45 (built-in) — below the PipeWire graph (driver 60, clients 55)
de set. 23 13:43:40 msi reac-pw[2896]: reac-pw: S_SEGMENT_UP [enp128s20f0u6] segment up (master, chosen by hearing the wire) — 5 served so far
de set. 23 13:43:40 msi reac-pw[2896]: reac-master: [48.430312] IDLE -> PROBING (timer)
de set. 23 13:43:40 msi reac-pw[2896]: reac-pacer: ring depth 0 frames (0.00 ms) [interval min 0 (0.00 ms) max 0 (0.00 ms)] | guard trims=0 dropped=0 frames | tx=0 tx_errors=1551 late_wakes=2 catchup=2 dropped_slots=0
de set. 23 13:43:40 msi reac-pw[2896]: reac-pw: the segment roster is on the graph: node `reac-pw` id 144, no ports, reac.roster=1 — every segment this daemon runs, probing ones included. Read it with `pw-cli info 144`
de set. 23 13:43:40 msi reac-pw[2896]: reac-master: [48.442317] IDLE -> PROBING (timer)
de set. 23 13:43:40 msi reac-pw[2896]: reac-pacer: ring depth 0 frames (0.00 ms) [interval min 0 (0.00 ms) max 0 (0.00 ms)] | guard trims=0 dropped=0 frames | tx=0 tx_errors=1595 late_wakes=2 catchup=2 dropped_slots=0
de set. 23 13:43:50 msi reac-pw[2896]: reac-master: [58.430185] still PROBING: rx_box_frames=0 rx_joins=0 after 4 COMPLETED scene push(es) (carrier is up. A box that is LINKED AND SILENT looks like this, and a whole push is what captures one — but a box that has DROPPED leaves that state on a PHY link-up and on nothing else, so if this count keeps climbing the wire needs an edge, not more frames. A box that is not there looks the same: check it is powered and cabled to THIS segment.)
de set. 23 13:43:50 msi reac-pw[2896]: reac-pacer: ring depth 0 frames (0.00 ms) [interval min 0 (0.00 ms) max 0 (0.00 ms)] | guard trims=0 dropped=0 frames | tx=0 tx_errors=81552 late_wakes=260 catchup=260 dropped_slots=0
de set. 23 13:43:50 msi reac-pw[2896]: reac-health: drift +1000000.0 ppm | discard 0.000 frames/s (0.000 ms/s) | ring 0 frames (0.00 ms) | late 25.80/s (catchup 25.80/s, dropped 0.00/s, worst debt 6 slots) | tx_errors 81552 | rate-match n/a ppm | pacer thread (ETF refused: the kernel's TAI offset is 0 — CLOCK_TAI is really UTC and every launch time would be wrong)
de set. 23 13:43:50 msi reac-pw[2896]: reac-master: [58.449314] still PROBING: rx_box_frames=0 rx_joins=0 after 4 COMPLETED scene push(es) (carrier is up. A box that is LINKED AND SILENT looks like this, and a whole push is what captures one — but a box that has DROPPED leaves that state on a PHY link-up and on nothing else, so if this count keeps climbing the wire needs an edge, not more frames. A box that is not there looks the same: check it is powered and cabled to THIS segment.)
de set. 23 13:43:50 msi reac-pw[2896]: reac-pacer: ring depth 0 frames (0.00 ms) [interval min 0 (0.00 ms) max 0 (0.00 ms)] | guard trims=0 dropped=0 frames | tx=0 tx_errors=81539 late_wakes=290 catchup=289 dropped_slots=57
de set. 23 13:43:50 msi reac-pw[2896]: reac-health: drift +1000000.0 ppm | discard 0.000 frames/s (0.000 ms/s) | ring 0 frames (0.00 ms) | late 28.80/s (catchup 28.70/s, dropped 5.70/s, worst debt 57 slots) | tx_errors 81539 | rate-match n/a ppm | pacer thread (ETF refused: the kernel's TAI offset is 0 — CLOCK_TAI is really UTC and every launch time would be wrong)
de set. 23 13:43:52 msi reac-pw[2896]: reac-pw: [enp131s0] the box on 'enp131s0' has answered nothing through 5 COMPLETED scene pushes with the carrier up. A box that has DROPPED leaves that state on a PHY link-up and on nothing else, so this master makes the edge itself: 'enp131s0' goes down for 1200 ms and back up (edge 1 of 2).
de set. 23 13:43:52 msi reac-pw[2896]: reac-master: LINK-DOWN on enp131s0 — the peer is gone whatever the last badge said. Dropping to PROBING; the cable is out at OUR end, so nothing resolves until it returns.
de set. 23 13:43:52 msi reac-pw[2896]: reac-pw: [enp128s20f0u6] the box on 'enp128s20f0u6' has answered nothing through 5 COMPLETED scene pushes with the carrier up. A box that has DROPPED leaves that state on a PHY link-up and on nothing else, so this master makes the edge itself: 'enp128s20f0u6' goes down for 1200 ms and back up (edge 1 of 2).
de set. 23 13:43:52 msi reac-pw[2896]: reac-master: LINK-DOWN on enp128s20f0u6 — the peer is gone whatever the last badge said. Dropping to PROBING; the cable is out at OUR end, so nothing resolves until it returns.
de set. 23 13:43:53 msi reac-pw[2896]: reac-master: [60.830807] PROBING -> IDLE (LINK-DOWN on the wire)
de set. 23 13:43:53 msi reac-pw[2896]: reac-master: [60.830807] IDLE -> PROBING (timer)
de set. 23 13:43:53 msi reac-pw[2896]: reac-master: [60.842818] PROBING -> IDLE (LINK-DOWN on the wire)
de set. 23 13:43:53 msi reac-pw[2896]: reac-master: [60.842818] IDLE -> PROBING (timer)
de set. 23 13:43:54 msi reac-pw[2896]: reac-pw: [enp131s0] 'enp131s0' is back up — a box that had dropped sees this as PHY LINK-UP and has 20 s to flood, cold-connect and be granted.
de set. 23 13:43:54 msi reac-pw[2896]: reac-pw: [enp128s20f0u6] 'enp128s20f0u6' is back up — a box that had dropped sees this as PHY LINK-UP and has 20 s to flood, cold-connect and be granted.
de set. 23 13:43:54 msi reac-pw[2896]: reac-master: LINK-UP on enp128s20f0u6 — re-establishing. A box leaves BOOT only on its own PHY link-up, so this is the instant it enrols; the FSM restarts at IDLE so its announce meets a clean master.
de set. 23 13:43:54 msi reac-pw[2896]: reac-master: [62.404318] PROBING -> IDLE (LINK-UP on the wire)
de set. 23 13:43:54 msi reac-pw[2896]: reac-master: [62.404319] IDLE -> PROBING (timer)
de set. 23 13:43:54 msi reac-pw[2896]: reac-pw: [enp128s20f0u6] link back inside the hold — segment kept (flaps so far: 1)
de set. 23 13:43:56 msi reac-pw[2896]: reac-master: shutdown in PROBING — tx=12465 err=111728 late=382 | rx_box_frames=0 rx_box_ctrl=0 rx_joins=0 grant_attempts=0 | drops: peer-gone=0 bye=0 mac-change=0 grant-timeout=0 | log-drops=0
de set. 23 13:43:56 msi reac-pw[2896]: reac-qdisc: removed the etf qdisc this daemon installed on enp131s0
de set. 23 13:43:56 msi reac-pw[2896]: reac-pw: S_SEGMENT_DROPPED [enp131s0] segment dropped — link down past the hold, or the interface went away
de set. 23 13:43:56 msi reac-pw[2896]: reac-pw: S_SEGMENT_DROPPED [enp131s0.11] segment dropped — link down past the hold, or the interface went away
de set. 23 13:43:56 msi reac-pw[2896]: reac-pw: S_SEGMENT_DROPPED [enp131s0.12] segment dropped — link down past the hold, or the interface went away
de set. 23 13:43:56 msi reac-pw[2896]: reac-pw: S_SEGMENT_DROPPED [enp131s0.13] segment dropped — link down past the hold, or the interface went away
de set. 23 13:43:56 msi reac-pw[2896]: reac-pw: a segment left the roster — rebuilding the `reac-pw` roster node, because a PipeWire node cannot be told to drop a property and a group left behind is a console reading a box that is not there
de set. 23 13:43:56 msi reac-pw[2896]: reac-pw: [enp131s0] listening — role auto (autodetected): the wire decides
de set. 23 13:43:56 msi reac-pw[2896]: reac-pw: [enp131s0] REAC_ROLE='slave' in ~/.config/openmixer/reac.env (last resort) is IGNORED: a segment's role is autodetected, and the one thing that overrides it is reac-pw.conf [segment enp131s0] role= (spec 2026-09-16)
de set. 23 13:43:56 msi reac-pw[2896]: reac-pw: [enp131s0.11] listening — role tap (reac-pw.conf): serving what is heard on link and transmitting NOTHING: no announce, no join, no grant, no seglock
de set. 23 13:43:56 msi reac-pw[2896]: reac-pw: [enp131s0.11] REAC_ROLE='slave' in ~/.config/openmixer/reac.env (last resort) is IGNORED: a segment's role is autodetected, and the one thing that overrides it is reac-pw.conf [segment enp131s0.11] role= (spec 2026-09-16)
de set. 23 13:43:56 msi reac-pw[2896]: reac-pw: [enp131s0.12] listening — role tap (reac-pw.conf): serving what is heard on link and transmitting NOTHING: no announce, no join, no grant, no seglock
de set. 23 13:43:56 msi reac-pw[2896]: reac-pw: [enp131s0.12] REAC_ROLE='slave' in ~/.config/openmixer/reac.env (last resort) is IGNORED: a segment's role is autodetected, and the one thing that overrides it is reac-pw.conf [segment enp131s0.12] role= (spec 2026-09-16)
de set. 23 13:43:56 msi reac-pw[2896]: reac-pw: [enp131s0.13] listening — role tap (reac-pw.conf): serving what is heard on link and transmitting NOTHING: no announce, no join, no grant, no seglock
de set. 23 13:43:56 msi reac-pw[2896]: reac-pw: [enp131s0.13] REAC_ROLE='slave' in ~/.config/openmixer/reac.env (last resort) is IGNORED: a segment's role is autodetected, and the one thing that overrides it is reac-pw.conf [segment enp131s0.13] role= (spec 2026-09-16)
de set. 23 13:43:56 msi reac-pw[2896]: reac-pw: [enp131s0.11] reac-pw.conf [segment enp131s0.11] role pins this segment as TAP — serving on link with no frame waited for: a tap asserts nothing, so there is nothing for the wire to agree with
de set. 23 13:43:56 msi reac-pw[2896]: reac-pw: [enp131s0.12] reac-pw.conf [segment enp131s0.12] role pins this segment as TAP — serving on link with no frame waited for: a tap asserts nothing, so there is nothing for the wire to agree with
de set. 23 13:43:56 msi reac-pw[2896]: reac-pw: [enp131s0.13] reac-pw.conf [segment enp131s0.13] role pins this segment as TAP — serving on link with no frame waited for: a tap asserts nothing, so there is nothing for the wire to agree with
de set. 23 13:43:57 msi reac-pw[2896]: reac-pw: [enp131s0.11] TAP heard NOTHING on 'enp131s0.11' in 1 s — no master, no box. A tap serves what is on the wire and there is nothing to serve; on a venue switch this is the mirror port not being configured. The segment is published as a VACANT DOOR so it can be seen and its role set, and the tap opens for real on the first frame heard.
de set. 23 13:43:57 msi reac-pw[2896]: reac-pw: [enp131s0.11] REAC rate = 96000 Hz (8000 pps), from ~/.config/reac-pw/reac-pw.env (per-host)
de set. 23 13:43:57 msi reac-pw[2896]: reac-pw: [enp131s0.11] recovered REAC rate = 96000 Hz (8000 pps), rx stream = box upstream return (box-width)
de set. 23 13:43:57 msi reac-pw[2896]: reac-pw: [enp131s0.11] TAP with nothing to serve — NOTHING is on the graph for this segment. It is published when a master's stream is heard on it; until then this journal is where it exists, and reac-pw.conf is where its role is set.
de set. 23 13:43:57 msi reac-pw[2896]: reac-pw: [enp131s0.11] segment PUBLISHED as a VACANT DOOR — nothing is mastering this wire that we can hear, so there is no engine behind the node; the segment exists, its role can be set, and the first verdict on this wire replaces the door — 6 served so far
de set. 23 13:43:58 msi reac-pw[2896]: reac-pw: [enp131s0.12] TAP heard NOTHING on 'enp131s0.12' in 1 s — no master, no box. A tap serves what is on the wire and there is nothing to serve; on a venue switch this is the mirror port not being configured. The segment is published as a VACANT DOOR so it can be seen and its role set, and the tap opens for real on the first frame heard.
de set. 23 13:43:58 msi reac-pw[2896]: reac-pw: [enp131s0.12] REAC rate = 96000 Hz (8000 pps), from ~/.config/reac-pw/reac-pw.env (per-host)
de set. 23 13:43:58 msi reac-pw[2896]: reac-pw: [enp131s0.12] recovered REAC rate = 96000 Hz (8000 pps), rx stream = box upstream return (box-width)
de set. 23 13:43:58 msi reac-pw[2896]: reac-pw: [enp131s0.12] TAP with nothing to serve — NOTHING is on the graph for this segment. It is published when a master's stream is heard on it; until then this journal is where it exists, and reac-pw.conf is where its role is set.
de set. 23 13:43:58 msi reac-pw[2896]: reac-pw: [enp131s0.12] segment PUBLISHED as a VACANT DOOR — nothing is mastering this wire that we can hear, so there is no engine behind the node; the segment exists, its role can be set, and the first verdict on this wire replaces the door — 7 served so far
de set. 23 13:43:59 msi reac-pw[2896]: reac-pw: [enp131s0.13] TAP heard NOTHING on 'enp131s0.13' in 1 s — no master, no box. A tap serves what is on the wire and there is nothing to serve; on a venue switch this is the mirror port not being configured. The segment is published as a VACANT DOOR so it can be seen and its role set, and the tap opens for real on the first frame heard.
de set. 23 13:43:59 msi reac-pw[2896]: reac-pw: [enp131s0.13] REAC rate = 96000 Hz (8000 pps), from ~/.config/reac-pw/reac-pw.env (per-host)
de set. 23 13:43:59 msi reac-pw[2896]: reac-pw: [enp131s0.13] recovered REAC rate = 96000 Hz (8000 pps), rx stream = box upstream return (box-width)
de set. 23 13:43:59 msi reac-pw[2896]: reac-pw: [enp131s0.13] TAP with nothing to serve — NOTHING is on the graph for this segment. It is published when a master's stream is heard on it; until then this journal is where it exists, and reac-pw.conf is where its role is set.
de set. 23 13:43:59 msi reac-pw[2896]: reac-pw: [enp131s0.13] segment PUBLISHED as a VACANT DOOR — nothing is mastering this wire that we can hear, so there is no engine behind the node; the segment exists, its role can be set, and the first verdict on this wire replaces the door — 8 served so far
de set. 23 13:43:59 msi reac-pw[2896]: reac-pw: [enp131s0] no REAC heard in 500 ms — a master fills every slot, so this wire has none: taking it as MASTER and probing until a box cold-connects
de set. 23 13:43:59 msi reac-pw[2896]: reac-pw: [enp131s0] no master heard in 3 s and NOTHING at all was heard on it — a master fills every audio slot, so this wire has none. Whether a box is there is still unknown: a slave is silent until a master speaks — taking the wire as MASTER: probe, grant, establish
de set. 23 13:43:59 msi reac-pw[2896]: reac-pw: [enp131s0] REAC rate = 96000 Hz (8000 pps), from ~/.config/reac-pw/reac-pw.env (per-host)
de set. 23 13:43:59 msi reac-pw[2896]: reac-pw: [enp131s0] recovered REAC rate = 96000 Hz (8000 pps), rx stream = box upstream return (box-width)
de set. 23 13:43:59 msi reac-pw[2896]: reac-qdisc: installed etf clockid CLOCK_TAI delta 300000 skip_sock_check as enp131s0's root qdisc (it carried 'fq_codel'); it is removed again on exit
de set. 23 13:43:59 msi reac-pw[2896]: reac-qdisc: ETF catch-up budget is the LEAD, not the thread's wake tail — 17 slots from a 2500 us lead less the 300 us qdisc delta at 8000 fps
de set. 23 13:43:59 msi reac-pw[2896]: reac-pacer: slot-debt catch-up ON (17 slots = 2125 us at 8000 fps)
de set. 23 13:43:59 msi reac-pw[2896]: reac-clock: following ENABLED (the default; REACPW_CLOCK_FOLLOW=0 opts out) — master (pace: generated here) — free-running (no reference), nominal period 125000 ns; the reference in use is reported on every change
de set. 23 13:43:59 msi reac-pw[2896]: reac-pacer: backend ETF — SO_TXTIME on CLOCK_TAI (kernel TAI offset 37 s), qdisc etf, lead 2500 us, launch grid exact at 8000 fps (125000 + 0/8000 ns per slot)
de set. 23 13:43:59 msi reac-pw[2896]: reac-pw: [enp131s0] MASTER role (M-5000 profile) on 'enp131s0' — event-driven establishment: probing until the box's cold-connect (cdea 04 03) arrives; FSM/RX transcript on stderr
de set. 23 13:43:59 msi reac-pw[2896]: reac-pw: [enp131s0] MASTER autodetect — PROBING, and NOTHING is on the graph for this segment: reac-capture / reac-playback are created when a box is recognized on this wire, and removed again when it leaves. A segment with no box is a line in this journal and not a device.
de set. 23 13:43:59 msi reac-pw[2896]: reac-pw: S_SEGMENT_UP [enp131s0] segment up (master, chosen by hearing the wire) — 9 served so far
de set. 23 13:43:59 msi reac-pw[2896]: reac-pw: the segment roster is on the graph: node `reac-pw` id 144, no ports, reac.roster=1 — every segment this daemon runs, probing ones included. Read it with `pw-cli info 144`
de set. 23 13:43:59 msi reac-pw[2896]: reac_pacer: SCHED_FIFO prio 45 (built-in) — below the PipeWire graph (driver 60, clients 55)
de set. 23 13:43:59 msi reac-pw[2896]: reac-master: [67.385021] IDLE -> PROBING (timer)
de set. 23 13:43:59 msi reac-pw[2896]: reac-pacer: ring depth 0 frames (0.00 ms) [interval min 0 (0.00 ms) max 0 (0.00 ms)] | guard trims=0 dropped=0 frames | tx=1594 tx_errors=0 late_wakes=2 catchup=2 dropped_slots=0
de set. 23 13:44:00 msi reac-pw[2896]: reac-pw: S_SEGMENT_HEARD [enp131s0] REAC heard — unknown 00:40:ab:c4:80:41 (16 ch): this interface is a segment
de set. 23 13:44:00 msi reac-pw[2896]: reac-disco: [68.480076] unknown 00:40:ab:c4:80:41 model=unknown
de set. 23 13:44:00 msi reac-pw[2896]: reac-master: [68.480077] box presence GAINED (BCAST-FILLER from 00:40:ab:c4:80:41)
de set. 23 13:44:00 msi reac-pw[2896]: reac-pacer: ring depth 0 frames (0.00 ms) [interval min 0 (0.00 ms) max 0 (0.00 ms)] | guard trims=0 dropped=0 frames | tx=7 tx_errors=163131 late_wakes=534 catchup=533 dropped_slots=57
de set. 23 13:44:00 msi reac-pw[2896]: reac-health: drift +999914.2 ppm | discard 0.000 frames/s (0.000 ms/s) | ring 0 frames (0.00 ms) | late 23.92/s (catchup 23.92/s, dropped 0.00/s, worst debt 7 slots) | tx_errors 163131 | rate-match n/a ppm | pacer thread (ETF refused: the kernel's TAI offset is 0 — CLOCK_TAI is really UTC and every launch time would be wrong)
de set. 23 13:44:01 msi reac-pw[2896]: reac-pw: S_SEGMENT_HEARD [enp131s0] REAC heard — box 00:40:ab:c4:80:41 (16 ch): this interface is a segment
de set. 23 13:44:01 msi reac-pw[2896]: reac-pw: S_SEGMENT_HEARD [enp131s0] REAC heard — box 00:40:ab:c4:80:41 S-1608 (16 in / 8 out) (16 ch): this interface is a segment
de set. 23 13:44:01 msi reac-pw[2896]: reac-disco: [69.162449] box 00:40:ab:c4:80:41 model=unknown
de set. 23 13:44:01 msi reac-pw[2896]: reac-master: [69.162450] rx UNICAST from 00:40:ab:c4:80:41 (state PROBING, 288.7 ms after last chanmap)
de set. 23 13:44:01 msi reac-pw[2896]: reac-disco: [69.162575] box 00:40:ab:c4:80:41 model=s1608
de set. 23 13:44:01 msi reac-pw[2896]: reac-master: [69.162578] recognized box = S-1608 (16 in / 8 out) from 00:40:ab:c4:80:41
de set. 23 13:44:01 msi reac-pw[2896]: reac-master: [69.162579] rx CONFIG from 00:40:ab:c4:80:41 (state GRANTING)
de set. 23 13:44:01 msi reac-pw[2896]: reac-master: [69.162579] PROBING -> GRANTING (rx CONFIG)
de set. 23 13:44:01 msi reac-pw[2896]: reac-master: [69.162700] box JOIN seen (cdea 04 03, unicast from 00:40:ab:c4:80:41) -> GRANTING
de set. 23 13:44:01 msi reac-pw[2896]:   blk: 04030014000200fe 0ff0410a00001212 01000600010078f7 0000000000000000
de set. 23 13:44:01 msi reac-pw[2896]: reac-master: [69.162949] box JOIN seen (cdea 04 03, unicast from 00:40:ab:c4:80:41) -> GRANTING
de set. 23 13:44:01 msi reac-pw[2896]:   blk: 04030013000200fe 0ef0410a00001212 03020001007af700 0000000000000002
de set. 23 13:44:01 msi reac-pw[2896]: reac-master: [69.163075] rx HEARTBEAT from 00:40:ab:c4:80:41 (state GRANTING)
de set. 23 13:44:01 msi reac-pw[2896]: reac-master: [69.163199] rx UNICAST from 00:40:ab:c4:80:41 (state GRANTING, 289.5 ms after last chanmap)
de set. 23 13:44:01 msi reac-pw[2896]: reac-master: [69.296700] GRANTING -> ESTABLISHED (timer)
de set. 23 13:44:01 msi reac-pw[2896]: reac-master: [69.296825] rx UNICAST from 00:40:ab:c4:80:41 (state ESTABLISHED, 423.1 ms after last chanmap)
de set. 23 13:44:01 msi reac-pw[2896]: reac-pw: [enp131s0] autodetected S-1608 (16 in / 8 out) -> reac-capture 16 in / reac-playback 8 out
de set. 23 13:44:01 msi reac-pw[2896]: reac-clock: [69.432701] master (pace: generated here) — acquiring graph clock (api.alsa.0) (applied -4.723 ppm, period 125001 ns vs nominal 125000 ns)
de set. 23 13:44:02 msi reac-pw[2896]: reac-master: [70.049582] rx HEARTBEAT from 00:40:ab:c4:80:41 (state ESTABLISHED)
de set. 23 13:44:02 msi reac-pw[2896]: reac-disco: [70.162958] box 00:40:ab:c4:80:41 model=s1608 (ours)
de set. 23 13:44:04 msi reac-pw[2896]: reac-master: [72.404190] still PROBING: rx_box_frames=0 rx_joins=0 after 4 COMPLETED scene push(es) (carrier is up. A box that is LINKED AND SILENT looks like this, and a whole push is what captures one — but a box that has DROPPED leaves that state on a PHY link-up and on nothing else, so if this count keeps climbing the wire needs an edge, not more frames. A box that is not there looks the same: check it is powered and cabled to THIS segment.)
de set. 23 13:44:05 msi reac-pw[2896]: reac-master: [73.241547] box JOIN seen (cdea 04 03, unicast from 00:40:ab:c4:80:41) -> ESTABLISHED
de set. 23 13:44:05 msi reac-pw[2896]:   blk: 04030014000200fe 0ff0410a00001212 01000600090070f7 0000000000000000
de set. 23 13:44:05 msi reac-pw[2896]: reac-clock: [73.656812] master (pace: generated here) — acquiring box counter slope (S-1608 (16 in / 8 out)) (applied -30.483 ppm, period 125004 ns vs nominal 125000 ns)
de set. 23 13:44:09 msi reac-pw[2896]: reac-pacer: ring depth 0 frames (0.00 ms) [interval min 0 (0.00 ms) max 0 (0.00 ms)] | guard trims=0 dropped=0 frames | tx=83192 tx_errors=1 late_wakes=254 catchup=254 dropped_slots=0
de set. 23 13:44:09 msi reac-pw[2896]: reac-health: drift +24.9 ppm | discard 0.000 frames/s (0.000 ms/s) | ring 0 frames (0.00 ms) | launch-miss 0.00/s (qdisc drops 6) | wake-late 24.71/s (worst 13 slots, under 1625 us of a 2500 us lead; re-base 0.00/s) | tx_errors 1 | rate-match n/a ppm | pacer etf
de set. 23 13:44:10 msi reac-pw[2896]: reac-pacer: ring depth 0 frames (0.00 ms) [interval min 0 (0.00 ms) max 0 (0.00 ms)] | guard trims=0 dropped=0 frames | tx=7 tx_errors=243131 late_wakes=718 catchup=717 dropped_slots=57
de set. 23 13:44:10 msi reac-pw[2896]: reac-health: drift +1000000.0 ppm | discard 0.000 frames/s (0.000 ms/s) | ring 0 frames (0.00 ms) | late 18.40/s (catchup 18.40/s, dropped 0.00/s, worst debt 14 slots) | tx_errors 243131 | rate-match n/a ppm | pacer thread (ETF refused: the kernel's TAI offset is 0 — CLOCK_TAI is really UTC and every launch time would be wrong)
de set. 23 13:44:13 msi reac-pw[2896]: reac-pw: [enp128s20f0u6] the box on 'enp128s20f0u6' has answered nothing through 7 COMPLETED scene pushes with the carrier up. A box that has DROPPED leaves that state on a PHY link-up and on nothing else, so this master makes the edge itself: 'enp128s20f0u6' goes down for 1200 ms and back up (edge 2 of 2).
de set. 23 13:44:13 msi reac-pw[2896]: reac-master: LINK-DOWN on enp128s20f0u6 — the peer is gone whatever the last badge said. Dropping to PROBING; the cable is out at OUR end, so nothing resolves until it returns.
de set. 23 13:44:13 msi reac-pw[2896]: reac-master: [81.043068] PROBING -> IDLE (LINK-DOWN on the wire)
de set. 23 13:44:13 msi reac-pw[2896]: reac-master: [81.043068] IDLE -> PROBING (timer)
de set. 23 13:44:14 msi reac-pw[2896]: reac-pw: [enp128s20f0u6] 'enp128s20f0u6' is back up — a box that had dropped sees this as PHY LINK-UP and has 20 s to flood, cold-connect and be granted.
de set. 23 13:44:14 msi reac-pw[2896]: reac-master: LINK-UP on enp128s20f0u6 — re-establishing. A box leaves BOOT only on its own PHY link-up, so this is the instant it enrols; the FSM restarts at IDLE so its announce meets a clean master.
de set. 23 13:44:14 msi reac-pw[2896]: reac-pw: [enp128s20f0u6] link back inside the hold — segment kept (flaps so far: 2)
de set. 23 13:44:14 msi reac-pw[2896]: reac-master: [82.442693] PROBING -> IDLE (LINK-UP on the wire)
de set. 23 13:44:14 msi reac-pw[2896]: reac-master: [82.442693] IDLE -> PROBING (timer)
de set. 23 13:44:14 msi reac-pw[2896]: reac-pw: [enp128s20f0u6] the box on 'enp128s20f0u6' did not answer 2 PHY edges and is still silent with the carrier up. This master has nothing left to try and will not flap the port again. What is left is physical: unplug and replug the box's REAC cable, or power-cycle the box. (A box that is simply not on this segment looks exactly the same from here.)
de set. 23 13:44:19 msi reac-pw[2896]: reac-master: [87.545503] box JOIN seen (cdea 04 03, unicast from 00:40:ab:c4:80:41) -> ESTABLISHED
de set. 23 13:44:19 msi reac-pw[2896]:   blk: 04030014000200fe 0ff0410a00001212 01000600090070f7 0000000000000000
de set. 23 13:44:19 msi reac-pw[2896]: reac-pacer: ring depth 0 frames (0.00 ms) [interval min 0 (0.00 ms) max 0 (0.00 ms)] | guard trims=0 dropped=0 frames | tx=163189 tx_errors=2 late_wakes=448 catchup=448 dropped_slots=0
de set. 23 13:44:20 msi reac-pw[2896]: reac-health: drift +34.7 ppm | discard 0.000 frames/s (0.000 ms/s) | ring 0 frames (0.00 ms) | launch-miss 0.29/s (qdisc drops 9) | wake-late 19.02/s (worst 6 slots, under 750 us of a 2500 us lead; re-base 0.00/s) | tx_errors 2 | rate-match n/a ppm | pacer etf
de set. 23 13:44:20 msi reac-pw[2896]: reac-pacer: ring depth 0 frames (0.00 ms) [interval min 0 (0.00 ms) max 0 (0.00 ms)] | guard trims=0 dropped=0 frames | tx=15 tx_errors=323123 late_wakes=819 catchup=818 dropped_slots=57
de set. 23 13:44:20 msi reac-pw[2896]: reac-health: drift +999900.0 ppm | discard 0.000 frames/s (0.000 ms/s) | ring 0 frames (0.00 ms) | late 10.10/s (catchup 10.10/s, dropped 0.00/s, worst debt 6 slots) | tx_errors 323123 | rate-match n/a ppm | pacer thread (ETF refused: the kernel's TAI offset is 0 — CLOCK_TAI is really UTC and every launch time would be wrong)
de set. 23 13:44:24 msi reac-pw[2896]: reac-master: [92.442565] still PROBING: rx_box_frames=0 rx_joins=0 after 4 COMPLETED scene push(es) (carrier is up. A box that is LINKED AND SILENT looks like this, and a whole push is what captures one — but a box that has DROPPED leaves that state on a PHY link-up and on nothing else, so if this count keeps climbing the wire needs an edge, not more frames. A box that is not there looks the same: check it is powered and cabled to THIS segment.)
de set. 23 13:44:30 msi reac-pw[2896]: reac-pacer: ring depth 0 frames (0.00 ms) [interval min 0 (0.00 ms) max 0 (0.00 ms)] | guard trims=0 dropped=0 frames | tx=244786 tx_errors=2 late_wakes=513 catchup=513 dropped_slots=0
de set. 23 13:44:30 msi reac-pw[2896]: reac-health: drift +38.2 ppm | discard 0.000 frames/s (0.000 ms/s) | ring 0 frames (0.00 ms) | launch-miss 0.20/s (qdisc drops 11) | wake-late 6.50/s (worst 5 slots, under 625 us of a 2500 us lead; re-base 0.00/s) | tx_errors 2 | rate-match n/a ppm | pacer etf
de set. 23 13:44:31 msi reac-pw[2896]: reac-pacer: ring depth 0 frames (0.00 ms) [interval min 0 (0.00 ms) max 0 (0.00 ms)] | guard trims=0 dropped=0 frames | tx=15 tx_errors=404723 late_wakes=998 catchup=997 dropped_slots=57
de set. 23 13:44:31 msi reac-pw[2896]: reac-health: drift +1000000.0 ppm | discard 0.000 frames/s (0.000 ms/s) | ring 0 frames (0.00 ms) | late 17.55/s (catchup 17.55/s, dropped 0.00/s, worst debt 5 slots) | tx_errors 404723 | rate-match n/a ppm | pacer thread (ETF refused: the kernel's TAI offset is 0 — CLOCK_TAI is really UTC and every launch time would be wrong)
de set. 23 13:44:34 msi reac-pw[2896]: reac-master: [102.442564] still PROBING: rx_box_frames=0 rx_joins=0 after 8 COMPLETED scene push(es) (carrier is up. A box that is LINKED AND SILENT looks like this, and a whole push is what captures one — but a box that has DROPPED leaves that state on a PHY link-up and on nothing else, so if this count keeps climbing the wire needs an edge, not more frames. A box that is not there looks the same: check it is powered and cabled to THIS segment.)
de set. 23 13:44:35 msi reac-pw[2896]: reac-master: [103.149867] box JOIN seen (cdea 04 03, unicast from 00:40:ab:c4:80:41) -> ESTABLISHED
de set. 23 13:44:35 msi reac-pw[2896]:   blk: 04030014000200fe 0ff0410a00001212 01000600090070f7 0000000000000000
de set. 23 13:44:40 msi reac-pw[2896]: reac-pacer: ring depth 0 frames (0.00 ms) [interval min 0 (0.00 ms) max 0 (0.00 ms)] | guard trims=0 dropped=0 frames | tx=326383 tx_errors=3 late_wakes=601 catchup=601 dropped_slots=0
de set. 23 13:44:40 msi reac-pw[2896]: reac-health: drift +36.4 ppm | discard 0.000 frames/s (0.000 ms/s) | ring 0 frames (0.00 ms) | launch-miss 0.20/s (qdisc drops 13) | wake-late 8.63/s (worst 3 slots, under 375 us of a 2500 us lead; re-base 0.00/s) | tx_errors 3 | rate-match n/a ppm | pacer etf
de set. 23 13:44:41 msi reac-pw[2896]: reac-pacer: ring depth 0 frames (0.00 ms) [interval min 0 (0.00 ms) max 0 (0.00 ms)] | guard trims=0 dropped=0 frames | tx=15 tx_errors=486323 late_wakes=1064 catchup=1063 dropped_slots=57
de set. 23 13:44:41 msi reac-pw[2896]: reac-health: drift +1000000.0 ppm | discard 0.000 frames/s (0.000 ms/s) | ring 0 frames (0.00 ms) | late 6.47/s (catchup 6.47/s, dropped 0.00/s, worst debt 4 slots) | tx_errors 486323 | rate-match n/a ppm | pacer thread (ETF refused: the kernel's TAI offset is 0 — CLOCK_TAI is really UTC and every launch time would be wrong)
de set. 23 13:44:44 msi reac-pw[2896]: reac-master: [112.152372] box JOIN seen (cdea 04 03, unicast from 00:40:ab:c4:80:41) -> ESTABLISHED
de set. 23 13:44:44 msi reac-pw[2896]:   blk: 04030014000200fe 0ff0410a00001212 01000600090070f7 0000000000000000
de set. 23 13:44:44 msi reac-pw[2896]: reac-master: [112.442564] still PROBING: rx_box_frames=0 rx_joins=0 after 11 COMPLETED scene push(es) (carrier is up. A box that is LINKED AND SILENT looks like this, and a whole push is what captures one — but a box that has DROPPED leaves that state on a PHY link-up and on nothing else, so if this count keeps climbing the wire needs an edge, not more frames. A box that is not there looks the same: check it is powered and cabled to THIS segment.)
de set. 23 13:44:50 msi reac-pw[2896]: reac-pacer: ring depth 0 frames (0.00 ms) [interval min 0 (0.00 ms) max 0 (0.00 ms)] | guard trims=0 dropped=0 frames | tx=406377 tx_errors=4 late_wakes=676 catchup=676 dropped_slots=0
de set. 23 13:44:50 msi reac-pw[2896]: reac-health: drift +63.2 ppm | discard 0.000 frames/s (0.000 ms/s) | ring 0 frames (0.00 ms) | launch-miss 0.10/s (qdisc drops 14) | wake-late 7.60/s (worst 3 slots, under 375 us of a 2500 us lead; re-base 0.00/s) | tx_errors 4 | rate-match n/a ppm | pacer etf
de set. 23 13:44:51 msi reac-pw[2896]: reac-pacer: ring depth 0 frames (0.00 ms) [interval min 0 (0.00 ms) max 0 (0.00 ms)] | guard trims=0 dropped=0 frames | tx=15 tx_errors=566323 late_wakes=1135 catchup=1134 dropped_slots=57
de set. 23 13:44:51 msi reac-pw[2896]: reac-health: drift +1000000.0 ppm | discard 0.000 frames/s (0.000 ms/s) | ring 0 frames (0.00 ms) | late 6.96/s (catchup 6.96/s, dropped 0.00/s, worst debt 2 slots) | tx_errors 567923 | rate-match n/a ppm | pacer thread (ETF refused: the kernel's TAI offset is 0 — CLOCK_TAI is really UTC and every launch time would be wrong)
de set. 23 13:44:54 msi reac-pw[2896]: reac-master: [122.442565] still PROBING: rx_box_frames=0 rx_joins=0 after 15 COMPLETED scene push(es) (carrier is up. A box that is LINKED AND SILENT looks like this, and a whole push is what captures one — but a box that has DROPPED leaves that state on a PHY link-up and on nothing else, so if this count keeps climbing the wire needs an edge, not more frames. A box that is not there looks the same: check it is powered and cabled to THIS segment.)
de set. 23 13:45:00 msi reac-pw[2896]: reac-pacer: ring depth 0 frames (0.00 ms) [interval min 0 (0.00 ms) max 0 (0.00 ms)] | guard trims=0 dropped=0 frames | tx=487973 tx_errors=4 late_wakes=757 catchup=757 dropped_slots=0
de set. 23 13:45:00 msi reac-pw[2896]: reac-health: drift +49.1 ppm | discard 0.000 frames/s (0.000 ms/s) | ring 0 frames (0.00 ms) | launch-miss 0.20/s (qdisc drops 16) | wake-late 7.84/s (worst 2 slots, under 250 us of a 2500 us lead; re-base 0.00/s) | tx_errors 4 | rate-match n/a ppm | pacer etf
de set. 23 13:45:01 msi reac-pw[2896]: reac-pacer: ring depth 0 frames (0.00 ms) [interval min 0 (0.00 ms) max 0 (0.00 ms)] | guard trims=0 dropped=0 frames | tx=15 tx_errors=647923 late_wakes=1190 catchup=1189 dropped_slots=57
de set. 23 13:45:01 msi reac-pw[2896]: reac-health: drift +1000000.0 ppm | discard 0.000 frames/s (0.000 ms/s) | ring 0 frames (0.00 ms) | late 5.50/s (catchup 5.50/s, dropped 0.00/s, worst debt 3 slots) | tx_errors 647923 | rate-match n/a ppm | pacer thread (ETF refused: the kernel's TAI offset is 0 — CLOCK_TAI is really UTC and every launch time would be wrong)
de set. 23 13:45:04 msi reac-pw[2896]: reac-master: [132.442564] still PROBING: rx_box_frames=0 rx_joins=0 after 19 COMPLETED scene push(es) (carrier is up. A box that is LINKED AND SILENT looks like this, and a whole push is what captures one — but a box that has DROPPED leaves that state on a PHY link-up and on nothing else, so if this count keeps climbing the wire needs an edge, not more frames. A box that is not there looks the same: check it is powered and cabled to THIS segment.)
de set. 23 13:45:10 msi reac-pw[2896]: reac-pacer: ring depth 0 frames (0.00 ms) [interval min 0 (0.00 ms) max 0 (0.00 ms)] | guard trims=0 dropped=0 frames | tx=569567 tx_errors=4 late_wakes=819 catchup=819 dropped_slots=0
de set. 23 13:45:10 msi reac-pw[2896]: reac-health: drift +84.9 ppm | discard 0.000 frames/s (0.000 ms/s) | ring 0 frames (0.00 ms) | launch-miss 0.00/s (qdisc drops 16) | wake-late 6.08/s (worst 1 slots, under 125 us of a 2500 us lead; re-base 0.00/s) | tx_errors 4 | rate-match n/a ppm | pacer etf
de set. 23 13:45:11 msi reac-pw[2896]: reac-pacer: ring depth 0 frames (0.00 ms) [interval min 0 (0.00 ms) max 0 (0.00 ms)] | guard trims=0 dropped=0 frames | tx=15 tx_errors=727923 late_wakes=1262 catchup=1261 dropped_slots=57
de set. 23 13:45:11 msi reac-pw[2896]: reac-health: drift +1000000.0 ppm | discard 0.000 frames/s (0.000 ms/s) | ring 0 frames (0.00 ms) | late 7.06/s (catchup 7.06/s, dropped 0.00/s, worst debt 2 slots) | tx_errors 729523 | rate-match n/a ppm | pacer thread (ETF refused: the kernel's TAI offset is 0 — CLOCK_TAI is really UTC and every launch time would be wrong)
de set. 23 13:45:14 msi reac-pw[2896]: reac-master: [142.442564] still PROBING: rx_box_frames=0 rx_joins=0 after 23 COMPLETED scene push(es) (carrier is up. A box that is LINKED AND SILENT looks like this, and a whole push is what captures one — but a box that has DROPPED leaves that state on a PHY link-up and on nothing else, so if this count keeps climbing the wire needs an edge, not more frames. A box that is not there looks the same: check it is powered and cabled to THIS segment.)
de set. 23 13:45:20 msi reac-pw[2896]: reac-pacer: ring depth 0 frames (0.00 ms) [interval min 0 (0.00 ms) max 0 (0.00 ms)] | guard trims=0 dropped=0 frames | tx=649559 tx_errors=4 late_wakes=918 catchup=918 dropped_slots=0
de set. 23 13:45:20 msi reac-pw[2896]: reac-health: drift +100.1 ppm | discard 0.000 frames/s (0.000 ms/s) | ring 0 frames (0.00 ms) | launch-miss 0.00/s (qdisc drops 16) | wake-late 9.90/s (worst 2 slots, under 250 us of a 2500 us lead; re-base 0.00/s) | tx_errors 4 | rate-match n/a ppm | pacer etf
de set. 23 13:45:21 msi reac-pw[2896]: reac-pacer: ring depth 0 frames (0.00 ms) [interval min 0 (0.00 ms) max 0 (0.00 ms)] | guard trims=0 dropped=0 frames | tx=15 tx_errors=807923 late_wakes=1325 catchup=1324 dropped_slots=57
de set. 23 13:45:21 msi reac-pw[2896]: reac-health: drift +1000000.0 ppm | discard 0.000 frames/s (0.000 ms/s) | ring 0 frames (0.00 ms) | late 6.18/s (catchup 6.18/s, dropped 0.00/s, worst debt 2 slots) | tx_errors 811123 | rate-match n/a ppm | pacer thread (ETF refused: the kernel's TAI offset is 0 — CLOCK_TAI is really UTC and every launch time would be wrong)
de set. 23 13:45:24 msi reac-pw[2896]: reac-master: [152.442564] still PROBING: rx_box_frames=0 rx_joins=0 after 26 COMPLETED scene push(es) (carrier is up. A box that is LINKED AND SILENT looks like this, and a whole push is what captures one — but a box that has DROPPED leaves that state on a PHY link-up and on nothing else, so if this count keeps climbing the wire needs an edge, not more frames. A box that is not there looks the same: check it is powered and cabled to THIS segment.)
de set. 23 13:45:30 msi reac-pw[2896]: reac-pacer: ring depth 0 frames (0.00 ms) [interval min 0 (0.00 ms) max 0 (0.00 ms)] | guard trims=0 dropped=0 frames | tx=729552 tx_errors=4 late_wakes=977 catchup=977 dropped_slots=0
de set. 23 13:45:30 msi reac-pw[2896]: reac-health: drift +87.8 ppm | discard 0.000 frames/s (0.000 ms/s) | ring 0 frames (0.00 ms) | launch-miss 0.00/s (qdisc drops 16) | wake-late 5.90/s (worst 7 slots, under 875 us of a 2500 us lead; re-base 0.00/s) | tx_errors 4 | rate-match n/a ppm | pacer etf
de set. 23 13:45:31 msi reac-pw[2896]: reac-master: [159.269478] box JOIN seen (cdea 04 03, unicast from 00:40:ab:c4:80:41) -> ESTABLISHED
de set. 23 13:45:31 msi reac-pw[2896]:   blk: 04030014000200fe 0ff0410a00001212 01000600090070f7 0000000000000000
de set. 23 13:45:31 msi reac-pw[2896]: reac-pacer: ring depth 0 frames (0.00 ms) [interval min 0 (0.00 ms) max 0 (0.00 ms)] | guard trims=0 dropped=0 frames | tx=15 tx_errors=889523 late_wakes=1389 catchup=1388 dropped_slots=57
de set. 23 13:45:31 msi reac-pw[2896]: reac-health: drift +1000000.0 ppm | discard 0.000 frames/s (0.000 ms/s) | ring 0 frames (0.00 ms) | late 6.40/s (catchup 6.40/s, dropped 0.00/s, worst debt 6 slots) | tx_errors 891123 | rate-match n/a ppm | pacer thread (ETF refused: the kernel's TAI offset is 0 — CLOCK_TAI is really UTC and every launch time would be wrong)
de set. 23 13:45:34 msi reac-pw[2896]: reac-master: [162.270515] box JOIN seen (cdea 04 03, unicast from 00:40:ab:c4:80:41) -> ESTABLISHED
de set. 23 13:45:34 msi reac-pw[2896]:   blk: 04030014000200fe 0ff0410a00001212 01000600090070f7 0000000000000000
de set. 23 13:45:34 msi reac-pw[2896]: reac-master: [162.442564] still PROBING: rx_box_frames=0 rx_joins=0 after 30 COMPLETED scene push(es) (carrier is up. A box that is LINKED AND SILENT looks like this, and a whole push is what captures one — but a box that has DROPPED leaves that state on a PHY link-up and on nothing else, so if this count keeps climbing the wire needs an edge, not more frames. A box that is not there looks the same: check it is powered and cabled to THIS segment.)
de set. 23 13:45:40 msi reac-pw[2896]: reac-pacer: ring depth 0 frames (0.00 ms) [interval min 0 (0.00 ms) max 0 (0.00 ms)] | guard trims=0 dropped=0 frames | tx=809544 tx_errors=6 late_wakes=1050 catchup=1050 dropped_slots=0
de set. 23 13:45:40 msi reac-pw[2896]: reac-health: drift +100.4 ppm | discard 0.000 frames/s (0.000 ms/s) | ring 0 frames (0.00 ms) | launch-miss 0.20/s (qdisc drops 18) | wake-late 7.30/s (worst 2 slots, under 250 us of a 2500 us lead; re-base 0.00/s) | tx_errors 6 | rate-match n/a ppm | pacer etf
de set. 23 13:45:41 msi reac-pw[2896]: reac-pacer: ring depth 0 frames (0.00 ms) [interval min 0 (0.00 ms) max 0 (0.00 ms)] | guard trims=0 dropped=0 frames | tx=15 tx_errors=969523 late_wakes=1451 catchup=1450 dropped_slots=57
de set. 23 13:45:42 msi reac-pw[2896]: reac-health: drift +1000000.0 ppm | discard 0.000 frames/s (0.000 ms/s) | ring 0 frames (0.00 ms) | late 6.18/s (catchup 6.18/s, dropped 0.00/s, worst debt 2 slots) | tx_errors 972723 | rate-match n/a ppm | pacer thread (ETF refused: the kernel's TAI offset is 0 — CLOCK_TAI is really UTC and every launch time would be wrong)
de set. 23 13:45:44 msi reac-pw[2896]: reac-master: [172.442565] still PROBING: rx_box_frames=0 rx_joins=0 after 34 COMPLETED scene push(es) (carrier is up. A box that is LINKED AND SILENT looks like this, and a whole push is what captures one — but a box that has DROPPED leaves that state on a PHY link-up and on nothing else, so if this count keeps climbing the wire needs an edge, not more frames. A box that is not there looks the same: check it is powered and cabled to THIS segment.)
de set. 23 13:45:48 msi reac-pw[2896]: reac-master: [176.675407] box JOIN seen (cdea 04 03, unicast from 00:40:ab:c4:80:41) -> ESTABLISHED
de set. 23 13:45:48 msi reac-pw[2896]:   blk: 04030014000200fe 0ff0410a00001212 01000600090070f7 0000000000000000
de set. 23 13:45:50 msi reac-pw[2896]: reac-pacer: ring depth 0 frames (0.00 ms) [interval min 0 (0.00 ms) max 0 (0.00 ms)] | guard trims=0 dropped=0 frames | tx=891138 tx_errors=7 late_wakes=1102 catchup=1102 dropped_slots=0
de set. 23 13:45:50 msi reac-pw[2896]: reac-health: drift +73.3 ppm | discard 0.000 frames/s (0.000 ms/s) | ring 0 frames (0.00 ms) | launch-miss 0.20/s (qdisc drops 20) | wake-late 5.10/s (worst 4 slots, under 500 us of a 2500 us lead; re-base 0.00/s) | tx_errors 7 | rate-match n/a ppm | pacer etf
de set. 23 13:45:51 msi reac-pw[2896]: reac-pacer: ring depth 0 frames (0.00 ms) [interval min 0 (0.00 ms) max 0 (0.00 ms)] | guard trims=0 dropped=0 frames | tx=15 tx_errors=1051123 late_wakes=1519 catchup=1518 dropped_slots=57
de set. 23 13:45:52 msi reac-pw[2896]: reac-health: drift +1000000.0 ppm | discard 0.000 frames/s (0.000 ms/s) | ring 0 frames (0.00 ms) | late 6.67/s (catchup 6.67/s, dropped 0.00/s, worst debt 2 slots) | tx_errors 1054323 | rate-match n/a ppm | pacer thread (ETF refused: the kernel's TAI offset is 0 — CLOCK_TAI is really UTC and every launch time would be wrong)
de set. 23 13:45:54 msi reac-pw[2896]: reac-master: [182.442564] still PROBING: rx_box_frames=0 rx_joins=0 after 37 COMPLETED scene push(es) (carrier is up. A box that is LINKED AND SILENT looks like this, and a whole push is what captures one — but a box that has DROPPED leaves that state on a PHY link-up and on nothing else, so if this count keeps climbing the wire needs an edge, not more frames. A box that is not there looks the same: check it is powered and cabled to THIS segment.)
de set. 23 13:46:00 msi reac-pw[2896]: reac-pacer: ring depth 0 frames (0.00 ms) [interval min 0 (0.00 ms) max 0 (0.00 ms)] | guard trims=0 dropped=0 frames | tx=971136 tx_errors=7 late_wakes=1164 catchup=1164 dropped_slots=0
de set. 23 13:46:01 msi reac-pw[2896]: reac-health: drift +23.4 ppm | discard 0.000 frames/s (0.000 ms/s) | ring 0 frames (0.00 ms) | launch-miss 0.00/s (qdisc drops 20) | wake-late 6.27/s (worst 2 slots, under 250 us of a 2500 us lead; re-base 0.00/s) | tx_errors 7 | rate-match n/a ppm | pacer etf
de set. 23 13:46:01 msi reac-pw[2896]: reac-pacer: ring depth 0 frames (0.00 ms) [interval min 0 (0.00 ms) max 0 (0.00 ms)] | guard trims=0 dropped=0 frames | tx=15 tx_errors=1131123 late_wakes=1581 catchup=1580 dropped_slots=57
de set. 23 13:46:02 msi reac-pw[2896]: reac-health: drift +1000000.0 ppm | discard 0.000 frames/s (0.000 ms/s) | ring 0 frames (0.00 ms) | late 5.98/s (catchup 5.98/s, dropped 0.00/s, worst debt 2 slots) | tx_errors 1135923 | rate-match n/a ppm | pacer thread (ETF refused: the kernel's TAI offset is 0 — CLOCK_TAI is really UTC and every launch time would be wrong)
de set. 23 13:46:04 msi reac-pw[2896]: reac-master: [192.442564] still PROBING: rx_box_frames=0 rx_joins=0 after 41 COMPLETED scene push(es) (carrier is up. A box that is LINKED AND SILENT looks like this, and a whole push is what captures one — but a box that has DROPPED leaves that state on a PHY link-up and on nothing else, so if this count keeps climbing the wire needs an edge, not more frames. A box that is not there looks the same: check it is powered and cabled to THIS segment.)
de set. 23 13:46:05 msi reac-pw[2896]: reac-master: [192.979250] box JOIN seen (cdea 04 03, unicast from 00:40:ab:c4:80:41) -> ESTABLISHED
de set. 23 13:46:05 msi reac-pw[2896]:   blk: 04030014000200fe 0ff0410a00001212 01000600090070f7 0000000000000000
de set. 23 13:46:11 msi reac-pw[2896]: reac-pacer: ring depth 0 frames (0.00 ms) [interval min 0 (0.00 ms) max 0 (0.00 ms)] | guard trims=0 dropped=0 frames | tx=1052735 tx_errors=8 late_wakes=1237 catchup=1237 dropped_slots=0
de set. 23 13:46:11 msi reac-pw[2896]: reac-health: drift +12.9 ppm | discard 0.000 frames/s (0.000 ms/s) | ring 0 frames (0.00 ms) | launch-miss 0.30/s (qdisc drops 23) | wake-late 7.10/s (worst 2 slots, under 250 us of a 2500 us lead; re-base 0.00/s) | tx_errors 8 | rate-match n/a ppm | pacer etf
de set. 23 13:46:12 msi reac-pw[2896]: reac-pacer: ring depth 0 frames (0.00 ms) [interval min 0 (0.00 ms) max 0 (0.00 ms)] | guard trims=0 dropped=0 frames | tx=15 tx_errors=1212723 late_wakes=1633 catchup=1632 dropped_slots=57
de set. 23 13:46:12 msi reac-pw[2896]: reac-health: drift +1000000.0 ppm | discard 0.000 frames/s (0.000 ms/s) | ring 0 frames (0.00 ms) | late 5.20/s (catchup 5.20/s, dropped 0.00/s, worst debt 2 slots) | tx_errors 1217523 | rate-match n/a ppm | pacer thread (ETF refused: the kernel's TAI offset is 0 — CLOCK_TAI is really UTC and every launch time would be wrong)
de set. 23 13:46:14 msi reac-pw[2896]: reac-master: [202.442564] still PROBING: rx_box_frames=0 rx_joins=0 after 45 COMPLETED scene push(es) (carrier is up. A box that is LINKED AND SILENT looks like this, and a whole push is what captures one — but a box that has DROPPED leaves that state on a PHY link-up and on nothing else, so if this count keeps climbing the wire needs an edge, not more frames. A box that is not there looks the same: check it is powered and cabled to THIS segment.)
de set. 23 13:46:21 msi reac-pw[2896]: reac-pacer: ring depth 0 frames (0.00 ms) [interval min 0 (0.00 ms) max 0 (0.00 ms)] | guard trims=0 dropped=0 frames | tx=1132734 tx_errors=8 late_wakes=1301 catchup=1301 dropped_slots=0
de set. 23 13:46:21 msi reac-pw[2896]: reac-health: drift +13.0 ppm | discard 0.000 frames/s (0.000 ms/s) | ring 0 frames (0.00 ms) | launch-miss 0.00/s (qdisc drops 23) | wake-late 6.40/s (worst 6 slots, under 750 us of a 2500 us lead; re-base 0.00/s) | tx_errors 8 | rate-match n/a ppm | pacer etf
de set. 23 13:46:22 msi reac-pw[2896]: reac-pacer: ring depth 0 frames (0.00 ms) [interval min 0 (0.00 ms) max 0 (0.00 ms)] | guard trims=0 dropped=0 frames | tx=15 tx_errors=1294323 late_wakes=1711 catchup=1710 dropped_slots=57
de set. 23 13:46:22 msi reac-pw[2896]: reac-health: drift +1000000.0 ppm | discard 0.000 frames/s (0.000 ms/s) | ring 0 frames (0.00 ms) | late 7.90/s (catchup 7.90/s, dropped 0.00/s, worst debt 6 slots) | tx_errors 1297523 | rate-match n/a ppm | pacer thread (ETF refused: the kernel's TAI offset is 0 — CLOCK_TAI is really UTC and every launch time would be wrong)
de set. 23 13:46:24 msi reac-pw[2896]: reac-master: [212.442564] still PROBING: rx_box_frames=0 rx_joins=0 after 49 COMPLETED scene push(es) (carrier is up. A box that is LINKED AND SILENT looks like this, and a whole push is what captures one — but a box that has DROPPED leaves that state on a PHY link-up and on nothing else, so if this count keeps climbing the wire needs an edge, not more frames. A box that is not there looks the same: check it is powered and cabled to THIS segment.)
de set. 23 13:46:28 msi reac-pw[2896]: reac-master: [216.584572] box JOIN seen (cdea 04 03, unicast from 00:40:ab:c4:80:41) -> ESTABLISHED
de set. 23 13:46:28 msi reac-pw[2896]:   blk: 04030014000200fe 0ff0410a00001212 01000600090070f7 0000000000000000
de set. 23 13:46:31 msi reac-pw[2896]: reac-pacer: ring depth 0 frames (0.00 ms) [interval min 0 (0.00 ms) max 0 (0.00 ms)] | guard trims=0 dropped=0 frames | tx=1212734 tx_errors=9 late_wakes=1375 catchup=1375 dropped_slots=0
de set. 23 13:46:31 msi reac-pw[2896]: reac-health: drift +0.1 ppm | discard 0.000 frames/s (0.000 ms/s) | ring 0 frames (0.00 ms) | launch-miss 0.10/s (qdisc drops 24) | wake-late 7.40/s (worst 2 slots, under 250 us of a 2500 us lead; re-base 0.00/s) | tx_errors 9 | rate-match n/a ppm | pacer etf
de set. 23 13:46:32 msi reac-pw[2896]: reac-pacer: ring depth 0 frames (0.00 ms) [interval min 0 (0.00 ms) max 0 (0.00 ms)] | guard trims=0 dropped=0 frames | tx=15 tx_errors=1374323 late_wakes=1781 catchup=1780 dropped_slots=57
de set. 23 13:46:32 msi reac-pw[2896]: reac-health: drift +1000000.0 ppm | discard 0.000 frames/s (0.000 ms/s) | ring 0 frames (0.00 ms) | late 6.80/s (catchup 6.80/s, dropped 0.00/s, worst debt 2 slots) | tx_errors 1377523 | rate-match n/a ppm | pacer thread (ETF refused: the kernel's TAI offset is 0 — CLOCK_TAI is really UTC and every launch time would be wrong)
de set. 23 13:46:34 msi reac-pw[2896]: reac-master: [222.442564] still PROBING: rx_box_frames=0 rx_joins=0 after 52 COMPLETED scene push(es) (carrier is up. A box that is LINKED AND SILENT looks like this, and a whole push is what captures one — but a box that has DROPPED leaves that state on a PHY link-up and on nothing else, so if this count keeps climbing the wire needs an edge, not more frames. A box that is not there looks the same: check it is powered and cabled to THIS segment.)
de set. 23 13:46:41 msi reac-pw[2896]: reac-pacer: ring depth 0 frames (0.00 ms) [interval min 0 (0.00 ms) max 0 (0.00 ms)] | guard trims=0 dropped=0 frames | tx=1294333 tx_errors=9 late_wakes=1432 catchup=1432 dropped_slots=0
de set. 23 13:46:41 msi reac-pw[2896]: reac-health: drift +11.8 ppm | discard 0.000 frames/s (0.000 ms/s) | ring 0 frames (0.00 ms) | launch-miss 0.00/s (qdisc drops 24) | wake-late 5.59/s (worst 2 slots, under 250 us of a 2500 us lead; re-base 0.00/s) | tx_errors 9 | rate-match n/a ppm | pacer etf
de set. 23 13:46:42 msi reac-pw[2896]: reac-pacer: ring depth 0 frames (0.00 ms) [interval min 0 (0.00 ms) max 0 (0.00 ms)] | guard trims=0 dropped=0 frames | tx=15 tx_errors=1455923 late_wakes=1838 catchup=1837 dropped_slots=57
de set. 23 13:46:42 msi reac-pw[2896]: reac-health: drift +1000000.0 ppm | discard 0.000 frames/s (0.000 ms/s) | ring 0 frames (0.00 ms) | late 5.70/s (catchup 5.70/s, dropped 0.00/s, worst debt 2 slots) | tx_errors 1457523 | rate-match n/a ppm | pacer thread (ETF refused: the kernel's TAI offset is 0 — CLOCK_TAI is really UTC and every launch time would be wrong)
de set. 23 13:46:44 msi reac-pw[2896]: reac-master: [232.442564] still PROBING: rx_box_frames=0 rx_joins=0 after 56 COMPLETED scene push(es) (carrier is up. A box that is LINKED AND SILENT looks like this, and a whole push is what captures one — but a box that has DROPPED leaves that state on a PHY link-up and on nothing else, so if this count keeps climbing the wire needs an edge, not more frames. A box that is not there looks the same: check it is powered and cabled to THIS segment.)
de set. 23 13:46:49 msi reac-pw[2896]: reac-master: [237.089120] box JOIN seen (cdea 04 03, unicast from 00:40:ab:c4:80:41) -> ESTABLISHED
de set. 23 13:46:49 msi reac-pw[2896]:   blk: 04030014000200fe 0ff0410a00001212 01000600090070f7 0000000000000000
de set. 23 13:46:50 msi reac-pw[2896]: reac-master: [238.089378] box JOIN seen (cdea 04 03, unicast from 00:40:ab:c4:80:41) -> ESTABLISHED
de set. 23 13:46:50 msi reac-pw[2896]:   blk: 04030014000200fe 0ff0410a00001212 01000600090070f7 0000000000000000
de set. 23 13:46:51 msi reac-pw[2896]: reac-pacer: ring depth 0 frames (0.00 ms) [interval min 0 (0.00 ms) max 0 (0.00 ms)] | guard trims=0 dropped=0 frames | tx=1374332 tx_errors=11 late_wakes=1510 catchup=1510 dropped_slots=0
de set. 23 13:46:51 msi reac-pw[2896]: reac-health: drift +12.6 ppm | discard 0.000 frames/s (0.000 ms/s) | ring 0 frames (0.00 ms) | launch-miss 0.20/s (qdisc drops 26) | wake-late 7.80/s (worst 2 slots, under 250 us of a 2500 us lead; re-base 0.00/s) | tx_errors 11 | rate-match n/a ppm | pacer etf
de set. 23 13:46:52 msi reac-pw[2896]: reac-pacer: ring depth 0 frames (0.00 ms) [interval min 0 (0.00 ms) max 0 (0.00 ms)] | guard trims=0 dropped=0 frames | tx=15 tx_errors=1537523 late_wakes=1910 catchup=1909 dropped_slots=57
de set. 23 13:46:52 msi reac-pw[2896]: reac-health: drift +1000000.0 ppm | discard 0.000 frames/s (0.000 ms/s) | ring 0 frames (0.00 ms) | late 7.20/s (catchup 7.20/s, dropped 0.00/s, worst debt 5 slots) | tx_errors 1537523 | rate-match n/a ppm | pacer thread (ETF refused: the kernel's TAI offset is 0 — CLOCK_TAI is really UTC and every launch time would be wrong)
de set. 23 13:46:54 msi reac-pw[2896]: reac-master: [242.442565] still PROBING: rx_box_frames=0 rx_joins=0 after 60 COMPLETED scene push(es) (carrier is up. A box that is LINKED AND SILENT looks like this, and a whole push is what captures one — but a box that has DROPPED leaves that state on a PHY link-up and on nothing else, so if this count keeps climbing the wire needs an edge, not more frames. A box that is not there looks the same: check it is powered and cabled to THIS segment.)
de set. 23 13:47:01 msi reac-pw[2896]: reac-pacer: ring depth 0 frames (0.00 ms) [interval min 0 (0.00 ms) max 0 (0.00 ms)] | guard trims=0 dropped=0 frames | tx=1454331 tx_errors=11 late_wakes=1571 catchup=1571 dropped_slots=0
de set. 23 13:47:01 msi reac-pw[2896]: reac-health: drift +13.3 ppm | discard 0.000 frames/s (0.000 ms/s) | ring 0 frames (0.00 ms) | launch-miss 0.00/s (qdisc drops 26) | wake-late 6.10/s (worst 2 slots, under 250 us of a 2500 us lead; re-base 0.00/s) | tx_errors 11 | rate-match n/a ppm | pacer etf
de set. 23 13:47:02 msi reac-pw[2896]: reac-pacer: ring depth 0 frames (0.00 ms) [interval min 0 (0.00 ms) max 0 (0.00 ms)] | guard trims=0 dropped=0 frames | tx=15 tx_errors=1619123 late_wakes=1958 catchup=1957 dropped_slots=57
de set. 23 13:47:02 msi reac-pw[2896]: reac-health: drift +1000000.0 ppm | discard 0.000 frames/s (0.000 ms/s) | ring 0 frames (0.00 ms) | late 4.71/s (catchup 4.71/s, dropped 0.00/s, worst debt 2 slots) | tx_errors 1619123 | rate-match n/a ppm | pacer thread (ETF refused: the kernel's TAI offset is 0 — CLOCK_TAI is really UTC and every launch time would be wrong)
de set. 23 13:47:04 msi reac-pw[2896]: reac-master: [252.442564] still PROBING: rx_box_frames=0 rx_joins=0 after 63 COMPLETED scene push(es) (carrier is up. A box that is LINKED AND SILENT looks like this, and a whole push is what captures one — but a box that has DROPPED leaves that state on a PHY link-up and on nothing else, so if this count keeps climbing the wire needs an edge, not more frames. A box that is not there looks the same: check it is powered and cabled to THIS segment.)
de set. 23 13:47:11 msi reac-pw[2896]: reac-pacer: ring depth 0 frames (0.00 ms) [interval min 0 (0.00 ms) max 0 (0.00 ms)] | guard trims=0 dropped=0 frames | tx=1535929 tx_errors=11 late_wakes=1717 catchup=1717 dropped_slots=0
de set. 23 13:47:11 msi reac-pw[2896]: reac-health: drift +23.8 ppm | discard 0.000 frames/s (0.000 ms/s) | ring 0 frames (0.00 ms) | launch-miss 0.00/s (qdisc drops 26) | wake-late 14.31/s (worst 3 slots, under 375 us of a 2500 us lead; re-base 0.00/s) | tx_errors 11 | rate-match n/a ppm | pacer etf
de set. 23 13:47:12 msi reac-pw[2896]: reac-pacer: ring depth 0 frames (0.00 ms) [interval min 0 (0.00 ms) max 0 (0.00 ms)] | guard trims=0 dropped=0 frames | tx=15 tx_errors=1699123 late_wakes=2042 catchup=2041 dropped_slots=57
de set. 23 13:47:12 msi reac-pw[2896]: reac-health: drift +1000000.0 ppm | discard 0.000 frames/s (0.000 ms/s) | ring 0 frames (0.00 ms) | late 8.40/s (catchup 8.40/s, dropped 0.00/s, worst debt 2 slots) | tx_errors 1699123 | rate-match n/a ppm | pacer thread (ETF refused: the kernel's TAI offset is 0 — CLOCK_TAI is really UTC and every launch time would be wrong)
de set. 23 13:47:14 msi reac-pw[2896]: reac-master: [262.442565] still PROBING: rx_box_frames=0 rx_joins=0 after 67 COMPLETED scene push(es) (carrier is up. A box that is LINKED AND SILENT looks like this, and a whole push is what captures one — but a box that has DROPPED leaves that state on a PHY link-up and on nothing else, so if this count keeps climbing the wire needs an edge, not more frames. A box that is not there looks the same: check it is powered and cabled to THIS segment.)
de set. 23 13:47:21 msi reac-pw[2896]: reac-pacer: ring depth 0 frames (0.00 ms) [interval min 0 (0.00 ms) max 0 (0.00 ms)] | guard trims=0 dropped=0 frames | tx=1617527 tx_errors=11 late_wakes=1762 catchup=1762 dropped_slots=0
de set. 23 13:47:21 msi reac-pw[2896]: reac-health: drift +24.9 ppm | discard 0.000 frames/s (0.000 ms/s) | ring 0 frames (0.00 ms) | launch-miss 0.00/s (qdisc drops 26) | wake-late 4.41/s (worst 2 slots, under 250 us of a 2500 us lead; re-base 0.00/s) | tx_errors 11 | rate-match n/a ppm | pacer etf
de set. 23 13:47:23 msi reac-pw[2896]: reac-pacer: ring depth 0 frames (0.00 ms) [interval min 0 (0.00 ms) max 0 (0.00 ms)] | guard trims=0 dropped=0 frames | tx=15 tx_errors=1780723 late_wakes=2082 catchup=2081 dropped_slots=57
de set. 23 13:47:23 msi reac-pw[2896]: reac-health: drift +1000000.0 ppm | discard 0.000 frames/s (0.000 ms/s) | ring 0 frames (0.00 ms) | late 3.92/s (catchup 3.92/s, dropped 0.00/s, worst debt 2 slots) | tx_errors 1780723 | rate-match n/a ppm | pacer thread (ETF refused: the kernel's TAI offset is 0 — CLOCK_TAI is really UTC and every launch time would be wrong)
de set. 23 13:47:24 msi reac-pw[2896]: reac-master: [272.442566] still PROBING: rx_box_frames=0 rx_joins=0 after 71 COMPLETED scene push(es) (carrier is up. A box that is LINKED AND SILENT looks like this, and a whole push is what captures one — but a box that has DROPPED leaves that state on a PHY link-up and on nothing else, so if this count keeps climbing the wire needs an edge, not more frames. A box that is not there looks the same: check it is powered and cabled to THIS segment.)
de set. 23 13:47:31 msi reac-pw[2896]: reac-pacer: ring depth 0 frames (0.00 ms) [interval min 0 (0.00 ms) max 0 (0.00 ms)] | guard trims=0 dropped=0 frames | tx=1697525 tx_errors=11 late_wakes=1857 catchup=1857 dropped_slots=0
de set. 23 13:47:31 msi reac-pw[2896]: reac-health: drift +12.6 ppm | discard 0.000 frames/s (0.000 ms/s) | ring 0 frames (0.00 ms) | launch-miss 0.00/s (qdisc drops 26) | wake-late 9.50/s (worst 3 slots, under 375 us of a 2500 us lead; re-base 0.00/s) | tx_errors 11 | rate-match n/a ppm | pacer etf
de set. 23 13:47:33 msi reac-pw[2896]: reac-pacer: ring depth 0 frames (0.00 ms) [interval min 0 (0.00 ms) max 0 (0.00 ms)] | guard trims=0 dropped=0 frames | tx=15 tx_errors=1860723 late_wakes=2163 catchup=2162 dropped_slots=57
de set. 23 13:47:33 msi reac-pw[2896]: reac-health: drift +1000000.0 ppm | discard 0.000 frames/s (0.000 ms/s) | ring 0 frames (0.00 ms) | late 7.94/s (catchup 7.94/s, dropped 0.00/s, worst debt 2 slots) | tx_errors 1862323 | rate-match n/a ppm | pacer thread (ETF refused: the kernel's TAI offset is 0 — CLOCK_TAI is really UTC and every launch time would be wrong)
de set. 23 13:47:34 msi reac-pw[2896]: reac-master: [282.442564] still PROBING: rx_box_frames=0 rx_joins=0 after 75 COMPLETED scene push(es) (carrier is up. A box that is LINKED AND SILENT looks like this, and a whole push is what captures one — but a box that has DROPPED leaves that state on a PHY link-up and on nothing else, so if this count keeps climbing the wire needs an edge, not more frames. A box that is not there looks the same: check it is powered and cabled to THIS segment.)
de set. 23 13:47:38 msi reac-pw[2896]: reac-master: [286.202346] box JOIN seen (cdea 04 03, unicast from 00:40:ab:c4:80:41) -> ESTABLISHED
de set. 23 13:47:38 msi reac-pw[2896]:   blk: 04030014000200fe 0ff0410a00001212 01000600090070f7 0000000000000000
de set. 23 13:47:39 msi reac-pw[2896]: reac-master: [287.202737] box JOIN seen (cdea 04 03, unicast from 00:40:ab:c4:80:41) -> ESTABLISHED
de set. 23 13:47:39 msi reac-pw[2896]:   blk: 04030014000200fe 0ff0410a00001212 01000600090070f7 0000000000000000
de set. 23 13:47:40 msi reac-pw[2896]: reac-master: [288.203003] box JOIN seen (cdea 04 03, unicast from 00:40:ab:c4:80:41) -> ESTABLISHED
de set. 23 13:47:40 msi reac-pw[2896]:   blk: 04030014000200fe 0ff0410a00001212 01000600090070f7 0000000000000000
de set. 23 13:47:41 msi reac-pw[2896]: reac-pacer: ring depth 0 frames (0.00 ms) [interval min 0 (0.00 ms) max 0 (0.00 ms)] | guard trims=0 dropped=0 frames | tx=1779124 tx_errors=14 late_wakes=1924 catchup=1924 dropped_slots=0
de set. 23 13:47:41 msi reac-pw[2896]: reac-health: drift +24.3 ppm | discard 0.000 frames/s (0.000 ms/s) | ring 0 frames (0.00 ms) | launch-miss 0.29/s (qdisc drops 29) | wake-late 6.57/s (worst 2 slots, under 250 us of a 2500 us lead; re-base 0.00/s) | tx_errors 14 | rate-match n/a ppm | pacer etf
de set. 23 13:47:43 msi reac-pw[2896]: reac-pacer: ring depth 0 frames (0.00 ms) [interval min 0 (0.00 ms) max 0 (0.00 ms)] | guard trims=0 dropped=0 frames | tx=15 tx_errors=1940723 late_wakes=2197 catchup=2196 dropped_slots=57
de set. 23 13:47:43 msi reac-pw[2896]: reac-health: drift +1000000.0 ppm | discard 0.000 frames/s (0.000 ms/s) | ring 0 frames (0.00 ms) | late 3.40/s (catchup 3.40/s, dropped 0.00/s, worst debt 2 slots) | tx_errors 1942323 | rate-match n/a ppm | pacer thread (ETF refused: the kernel's TAI offset is 0 — CLOCK_TAI is really UTC and every launch time would be wrong)
de set. 23 13:47:44 msi reac-pw[2896]: reac-master: [292.442564] still PROBING: rx_box_frames=0 rx_joins=0 after 78 COMPLETED scene push(es) (carrier is up. A box that is LINKED AND SILENT looks like this, and a whole push is what captures one — but a box that has DROPPED leaves that state on a PHY link-up and on nothing else, so if this count keeps climbing the wire needs an edge, not more frames. A box that is not there looks the same: check it is powered and cabled to THIS segment.)
de set. 23 13:47:52 msi reac-pw[2896]: reac-pacer: ring depth 0 frames (0.00 ms) [interval min 0 (0.00 ms) max 0 (0.00 ms)] | guard trims=0 dropped=0 frames | tx=1860723 tx_errors=14 late_wakes=2276 catchup=2276 dropped_slots=0
de set. 23 13:47:52 msi reac-pw[2896]: reac-health: drift +12.0 ppm | discard 0.000 frames/s (0.000 ms/s) | ring 0 frames (0.00 ms) | launch-miss 0.00/s (qdisc drops 29) | wake-late 34.51/s (worst 9 slots, under 1125 us of a 2500 us lead; re-base 0.00/s) | tx_errors 14 | rate-match n/a ppm | pacer etf
de set. 23 13:47:53 msi reac-pw[2896]: reac-pacer: ring depth 0 frames (0.00 ms) [interval min 0 (0.00 ms) max 0 (0.00 ms)] | guard trims=0 dropped=0 frames | tx=15 tx_errors=2020723 late_wakes=2282 catchup=2281 dropped_slots=57
de set. 23 13:47:53 msi reac-pw[2896]: reac-health: drift +1000000.0 ppm | discard 0.000 frames/s (0.000 ms/s) | ring 0 frames (0.00 ms) | late 8.50/s (catchup 8.50/s, dropped 0.00/s, worst debt 2 slots) | tx_errors 2022323 | rate-match n/a ppm | pacer thread (ETF refused: the kernel's TAI offset is 0 — CLOCK_TAI is really UTC and every launch time would be wrong)
de set. 23 13:47:54 msi reac-pw[2896]: reac-master: [302.442564] still PROBING: rx_box_frames=0 rx_joins=0 after 82 COMPLETED scene push(es) (carrier is up. A box that is LINKED AND SILENT looks like this, and a whole push is what captures one — but a box that has DROPPED leaves that state on a PHY link-up and on nothing else, so if this count keeps climbing the wire needs an edge, not more frames. A box that is not there looks the same: check it is powered and cabled to THIS segment.)
de set. 23 13:48:02 msi reac-pw[2896]: reac-pacer: ring depth 0 frames (0.00 ms) [interval min 0 (0.00 ms) max 0 (0.00 ms)] | guard trims=0 dropped=0 frames | tx=1940721 tx_errors=14 late_wakes=2477 catchup=2477 dropped_slots=0
de set. 23 13:48:02 msi reac-pw[2896]: reac-health: drift +25.0 ppm | discard 0.000 frames/s (0.000 ms/s) | ring 0 frames (0.00 ms) | launch-miss 0.00/s (qdisc drops 29) | wake-late 20.10/s (worst 5 slots, under 625 us of a 2500 us lead; re-base 0.00/s) | tx_errors 14 | rate-match n/a ppm | pacer etf
de set. 23 13:48:03 msi reac-pw[2896]: reac-pacer: ring depth 0 frames (0.00 ms) [interval min 0 (0.00 ms) max 0 (0.00 ms)] | guard trims=0 dropped=0 frames | tx=15 tx_errors=2102323 late_wakes=2339 catchup=2338 dropped_slots=57
de set. 23 13:48:03 msi reac-pw[2896]: reac-health: drift +1000000.0 ppm | discard 0.000 frames/s (0.000 ms/s) | ring 0 frames (0.00 ms) | late 5.70/s (catchup 5.70/s, dropped 0.00/s, worst debt 2 slots) | tx_errors 2102323 | rate-match n/a ppm | pacer thread (ETF refused: the kernel's TAI offset is 0 — CLOCK_TAI is really UTC and every launch time would be wrong)
de set. 23 13:48:04 msi reac-pw[2896]: reac-master: [312.442564] still PROBING: rx_box_frames=0 rx_joins=0 after 86 COMPLETED scene push(es) (carrier is up. A box that is LINKED AND SILENT looks like this, and a whole push is what captures one — but a box that has DROPPED leaves that state on a PHY link-up and on nothing else, so if this count keeps climbing the wire needs an edge, not more frames. A box that is not there looks the same: check it is powered and cabled to THIS segment.)
de set. 23 13:48:12 msi reac-pw[2896]: reac-pacer: ring depth 0 frames (0.00 ms) [interval min 0 (0.00 ms) max 0 (0.00 ms)] | guard trims=0 dropped=0 frames | tx=2020720 tx_errors=14 late_wakes=2498 catchup=2498 dropped_slots=0
de set. 23 13:48:12 msi reac-pw[2896]: reac-health: drift +11.4 ppm | discard 0.000 frames/s (0.000 ms/s) | ring 0 frames (0.00 ms) | launch-miss 0.29/s (qdisc drops 32) | wake-late 2.25/s (worst 2 slots, under 250 us of a 2500 us lead; re-base 0.00/s) | tx_errors 14 | rate-match n/a ppm | pacer etf
de set. 23 13:48:13 msi reac-pw[2896]: reac-pacer: ring depth 0 frames (0.00 ms) [interval min 0 (0.00 ms) max 0 (0.00 ms)] | guard trims=0 dropped=0 frames | tx=15 tx_errors=2182323 late_wakes=2417 catchup=2416 dropped_slots=57
de set. 23 13:48:13 msi reac-pw[2896]: reac-health: drift +1000000.0 ppm | discard 0.000 frames/s (0.000 ms/s) | ring 0 frames (0.00 ms) | late 7.80/s (catchup 7.80/s, dropped 0.00/s, worst debt 5 slots) | tx_errors 2182323 | rate-match n/a ppm | pacer thread (ETF refused: the kernel's TAI offset is 0 — CLOCK_TAI is really UTC and every launch time would be wrong)
de set. 23 13:48:14 msi reac-pw[2896]: reac-master: [322.442564] still PROBING: rx_box_frames=0 rx_joins=0 after 89 COMPLETED scene push(es) (carrier is up. A box that is LINKED AND SILENT looks like this, and a whole push is what captures one — but a box that has DROPPED leaves that state on a PHY link-up and on nothing else, so if this count keeps climbing the wire needs an edge, not more frames. A box that is not there looks the same: check it is powered and cabled to THIS segment.)
de set. 23 13:48:22 msi reac-pw[2896]: reac-pacer: ring depth 0 frames (0.00 ms) [interval min 0 (0.00 ms) max 0 (0.00 ms)] | guard trims=0 dropped=0 frames | tx=2100718 tx_errors=14 late_wakes=2642 catchup=2642 dropped_slots=0
de set. 23 13:48:22 msi reac-pw[2896]: reac-health: drift +24.5 ppm | discard 0.000 frames/s (0.000 ms/s) | ring 0 frames (0.00 ms) | launch-miss 0.00/s (qdisc drops 32) | wake-late 14.12/s (worst 3 slots, under 375 us of a 2500 us lead; re-base 0.00/s) | tx_errors 14 | rate-match n/a ppm | pacer etf
de set. 23 13:48:23 msi reac-pw[2896]: reac-pacer: ring depth 0 frames (0.00 ms) [interval min 0 (0.00 ms) max 0 (0.00 ms)] | guard trims=0 dropped=0 frames | tx=15 tx_errors=2263923 late_wakes=2476 catchup=2475 dropped_slots=57
de set. 23 13:48:23 msi reac-pw[2896]: reac-health: drift +1000000.0 ppm | discard 0.000 frames/s (0.000 ms/s) | ring 0 frames (0.00 ms) | late 5.78/s (catchup 5.78/s, dropped 0.00/s, worst debt 2 slots) | tx_errors 2263923 | rate-match n/a ppm | pacer thread (ETF refused: the kernel's TAI offset is 0 — CLOCK_TAI is really UTC and every launch time would be wrong)
de set. 23 13:48:24 msi reac-pw[2896]: reac-master: [332.442564] still PROBING: rx_box_frames=0 rx_joins=0 after 93 COMPLETED scene push(es) (carrier is up. A box that is LINKED AND SILENT looks like this, and a whole push is what captures one — but a box that has DROPPED leaves that state on a PHY link-up and on nothing else, so if this count keeps climbing the wire needs an edge, not more frames. A box that is not there looks the same: check it is powered and cabled to THIS segment.)
de set. 23 13:48:32 msi reac-pw[2896]: reac-pacer: ring depth 0 frames (0.00 ms) [interval min 0 (0.00 ms) max 0 (0.00 ms)] | guard trims=0 dropped=0 frames | tx=2180716 tx_errors=14 late_wakes=2678 catchup=2678 dropped_slots=0
de set. 23 13:48:32 msi reac-pw[2896]: reac-health: drift +24.4 ppm | discard 0.000 frames/s (0.000 ms/s) | ring 0 frames (0.00 ms) | launch-miss 0.00/s (qdisc drops 32) | wake-late 3.73/s (worst 2 slots, under 250 us of a 2500 us lead; re-base 0.00/s) | tx_errors 14 | rate-match n/a ppm | pacer etf
de set. 23 13:48:33 msi reac-pw[2896]: reac-pacer: ring depth 0 frames (0.00 ms) [interval min 0 (0.00 ms) max 0 (0.00 ms)] | guard trims=0 dropped=0 frames | tx=15 tx_errors=2343923 late_wakes=2549 catchup=2548 dropped_slots=57
de set. 23 13:48:33 msi reac-pw[2896]: reac-health: drift +1000000.0 ppm | discard 0.000 frames/s (0.000 ms/s) | ring 0 frames (0.00 ms) | late 7.30/s (catchup 7.30/s, dropped 0.00/s, worst debt 2 slots) | tx_errors 2343923 | rate-match n/a ppm | pacer thread (ETF refused: the kernel's TAI offset is 0 — CLOCK_TAI is really UTC and every launch time would be wrong)
de set. 23 13:48:34 msi reac-pw[2896]: reac-master: [342.442564] still PROBING: rx_box_frames=0 rx_joins=0 after 97 COMPLETED scene push(es) (carrier is up. A box that is LINKED AND SILENT looks like this, and a whole push is what captures one — but a box that has DROPPED leaves that state on a PHY link-up and on nothing else, so if this count keeps climbing the wire needs an edge, not more frames. A box that is not there looks the same: check it is powered and cabled to THIS segment.)
de set. 23 13:48:42 msi reac-pw[2896]: reac-pacer: ring depth 0 frames (0.00 ms) [interval min 0 (0.00 ms) max 0 (0.00 ms)] | guard trims=0 dropped=0 frames | tx=2260712 tx_errors=14 late_wakes=2743 catchup=2743 dropped_slots=0
de set. 23 13:48:42 msi reac-pw[2896]: reac-health: drift +50.0 ppm | discard 0.000 frames/s (0.000 ms/s) | ring 0 frames (0.00 ms) | launch-miss 0.00/s (qdisc drops 32) | wake-late 6.10/s (worst 2 slots, under 250 us of a 2500 us lead; re-base 0.00/s) | tx_errors 14 | rate-match n/a ppm | pacer etf
de set. 23 13:48:43 msi reac-pw[2896]: reac-pacer: ring depth 0 frames (0.00 ms) [interval min 0 (0.00 ms) max 0 (0.00 ms)] | guard trims=0 dropped=0 frames | tx=15 tx_errors=2425523 late_wakes=2632 catchup=2631 dropped_slots=57
de set. 23 13:48:43 msi reac-pw[2896]: reac-health: drift +1000000.0 ppm | discard 0.000 frames/s (0.000 ms/s) | ring 0 frames (0.00 ms) | late 8.14/s (catchup 8.14/s, dropped 0.00/s, worst debt 3 slots) | tx_errors 2425523 | rate-match n/a ppm | pacer thread (ETF refused: the kernel's TAI offset is 0 — CLOCK_TAI is really UTC and every launch time would be wrong)
de set. 23 13:48:44 msi reac-pw[2896]: reac-master: [352.442564] still PROBING: rx_box_frames=0 rx_joins=0 after 101 COMPLETED scene push(es) (carrier is up. A box that is LINKED AND SILENT looks like this, and a whole push is what captures one — but a box that has DROPPED leaves that state on a PHY link-up and on nothing else, so if this count keeps climbing the wire needs an edge, not more frames. A box that is not there looks the same: check it is powered and cabled to THIS segment.)
de set. 23 13:48:52 msi reac-pw[2896]: reac-pacer: ring depth 0 frames (0.00 ms) [interval min 0 (0.00 ms) max 0 (0.00 ms)] | guard trims=0 dropped=0 frames | tx=2342308 tx_errors=14 late_wakes=2817 catchup=2817 dropped_slots=0
de set. 23 13:48:52 msi reac-pw[2896]: reac-health: drift +50.0 ppm | discard 0.000 frames/s (0.000 ms/s) | ring 0 frames (0.00 ms) | launch-miss 0.00/s (qdisc drops 32) | wake-late 7.50/s (worst 3 slots, under 375 us of a 2500 us lead; re-base 0.00/s) | tx_errors 14 | rate-match n/a ppm | pacer etf
de set. 23 13:48:53 msi reac-pw[2896]: reac-pacer: ring depth 0 frames (0.00 ms) [interval min 0 (0.00 ms) max 0 (0.00 ms)] | guard trims=0 dropped=0 frames | tx=15 tx_errors=2507123 late_wakes=2696 catchup=2695 dropped_slots=57
de set. 23 13:48:53 msi reac-pw[2896]: reac-health: drift +1000000.0 ppm | discard 0.000 frames/s (0.000 ms/s) | ring 0 frames (0.00 ms) | late 6.27/s (catchup 6.27/s, dropped 0.00/s, worst debt 4 slots) | tx_errors 2507123 | rate-match n/a ppm | pacer thread (ETF refused: the kernel's TAI offset is 0 — CLOCK_TAI is really UTC and every launch time would be wrong)
de set. 23 13:48:54 msi reac-pw[2896]: reac-master: [362.442564] still PROBING: rx_box_frames=0 rx_joins=0 after 104 COMPLETED scene push(es) (carrier is up. A box that is LINKED AND SILENT looks like this, and a whole push is what captures one — but a box that has DROPPED leaves that state on a PHY link-up and on nothing else, so if this count keeps climbing the wire needs an edge, not more frames. A box that is not there looks the same: check it is powered and cabled to THIS segment.)
de set. 23 13:49:02 msi reac-pw[2896]: reac-pacer: ring depth 0 frames (0.00 ms) [interval min 0 (0.00 ms) max 0 (0.00 ms)] | guard trims=0 dropped=0 frames | tx=2423903 tx_errors=14 late_wakes=2875 catchup=2875 dropped_slots=0
de set. 23 13:49:02 msi reac-pw[2896]: reac-health: drift +61.1 ppm | discard 0.000 frames/s (0.000 ms/s) | ring 0 frames (0.00 ms) | launch-miss 0.00/s (qdisc drops 32) | wake-late 5.59/s (worst 2 slots, under 250 us of a 2500 us lead; re-base 0.00/s) | tx_errors 14 | rate-match n/a ppm | pacer etf
de set. 23 13:49:03 msi reac-pw[2896]: reac-pacer: ring depth 0 frames (0.00 ms) [interval min 0 (0.00 ms) max 0 (0.00 ms)] | guard trims=0 dropped=0 frames | tx=15 tx_errors=2587123 late_wakes=2792 catchup=2791 dropped_slots=57
de set. 23 13:49:03 msi reac-pw[2896]: reac-health: drift +1000000.0 ppm | discard 0.000 frames/s (0.000 ms/s) | ring 0 frames (0.00 ms) | late 9.60/s (catchup 9.60/s, dropped 0.00/s, worst debt 2 slots) | tx_errors 2587123 | rate-match n/a ppm | pacer thread (ETF refused: the kernel's TAI offset is 0 — CLOCK_TAI is really UTC and every launch time would be wrong)
de set. 23 13:49:04 msi reac-pw[2896]: reac-master: [372.442564] still PROBING: rx_box_frames=0 rx_joins=0 after 108 COMPLETED scene push(es) (carrier is up. A box that is LINKED AND SILENT looks like this, and a whole push is what captures one — but a box that has DROPPED leaves that state on a PHY link-up and on nothing else, so if this count keeps climbing the wire needs an edge, not more frames. A box that is not there looks the same: check it is powered and cabled to THIS segment.)
de set. 23 13:49:09 msi reac-pw[2896]: reac-master: [377.327866] box JOIN seen (cdea 04 03, unicast from 00:40:ab:c4:80:41) -> ESTABLISHED
de set. 23 13:49:09 msi reac-pw[2896]:   blk: 04030014000200fe 0ff0410a00001212 01000600090070f7 0000000000000000
de set. 23 13:49:12 msi reac-pw[2896]: reac-pacer: ring depth 0 frames (0.00 ms) [interval min 0 (0.00 ms) max 0 (0.00 ms)] | guard trims=0 dropped=0 frames | tx=2503899 tx_errors=15 late_wakes=2951 catchup=2951 dropped_slots=0
de set. 23 13:49:12 msi reac-pw[2896]: reac-health: drift +50.1 ppm | discard 0.000 frames/s (0.000 ms/s) | ring 0 frames (0.00 ms) | launch-miss 0.10/s (qdisc drops 33) | wake-late 7.60/s (worst 2 slots, under 250 us of a 2500 us lead; re-base 0.00/s) | tx_errors 15 | rate-match n/a ppm | pacer etf
de set. 23 13:49:14 msi reac-pw[2896]: reac-pacer: ring depth 0 frames (0.00 ms) [interval min 0 (0.00 ms) max 0 (0.00 ms)] | guard trims=0 dropped=0 frames | tx=15 tx_errors=2668723 late_wakes=2849 catchup=2848 dropped_slots=57
de set. 23 13:49:14 msi reac-pw[2896]: reac-health: drift +1000000.0 ppm | discard 0.000 frames/s (0.000 ms/s) | ring 0 frames (0.00 ms) | late 5.59/s (catchup 5.59/s, dropped 0.00/s, worst debt 2 slots) | tx_errors 2668723 | rate-match n/a ppm | pacer thread (ETF refused: the kernel's TAI offset is 0 — CLOCK_TAI is really UTC and every launch time would be wrong)
de set. 23 13:49:14 msi reac-pw[2896]: reac-master: [382.442564] still PROBING: rx_box_frames=0 rx_joins=0 after 112 COMPLETED scene push(es) (carrier is up. A box that is LINKED AND SILENT looks like this, and a whole push is what captures one — but a box that has DROPPED leaves that state on a PHY link-up and on nothing else, so if this count keeps climbing the wire needs an edge, not more frames. A box that is not there looks the same: check it is powered and cabled to THIS segment.)
de set. 23 13:49:22 msi reac-pw[2896]: reac-pacer: ring depth 0 frames (0.00 ms) [interval min 0 (0.00 ms) max 0 (0.00 ms)] | guard trims=0 dropped=0 frames | tx=2585495 tx_errors=15 late_wakes=3026 catchup=3026 dropped_slots=0
de set. 23 13:49:22 msi reac-pw[2896]: reac-health: drift +50.0 ppm | discard 0.000 frames/s (0.000 ms/s) | ring 0 frames (0.00 ms) | launch-miss 0.00/s (qdisc drops 33) | wake-late 7.50/s (worst 2 slots, under 250 us of a 2500 us lead; re-base 0.00/s) | tx_errors 15 | rate-match n/a ppm | pacer etf
de set. 23 13:49:24 msi reac-pw[2896]: reac-pacer: ring depth 0 frames (0.00 ms) [interval min 0 (0.00 ms) max 0 (0.00 ms)] | guard trims=0 dropped=0 frames | tx=15 tx_errors=2748723 late_wakes=2946 catchup=2945 dropped_slots=57
de set. 23 13:49:24 msi reac-pw[2896]: reac-health: drift +1000000.0 ppm | discard 0.000 frames/s (0.000 ms/s) | ring 0 frames (0.00 ms) | late 9.70/s (catchup 9.70/s, dropped 0.00/s, worst debt 8 slots) | tx_errors 2748723 | rate-match n/a ppm | pacer thread (ETF refused: the kernel's TAI offset is 0 — CLOCK_TAI is really UTC and every launch time would be wrong)
de set. 23 13:49:24 msi reac-pw[2896]: reac-master: [392.442564] still PROBING: rx_box_frames=0 rx_joins=0 after 115 COMPLETED scene push(es) (carrier is up. A box that is LINKED AND SILENT looks like this, and a whole push is what captures one — but a box that has DROPPED leaves that state on a PHY link-up and on nothing else, so if this count keeps climbing the wire needs an edge, not more frames. A box that is not there looks the same: check it is powered and cabled to THIS segment.)
de set. 23 13:49:32 msi reac-pw[2896]: reac-pacer: ring depth 0 frames (0.00 ms) [interval min 0 (0.00 ms) max 0 (0.00 ms)] | guard trims=0 dropped=0 frames | tx=2665492 tx_errors=15 late_wakes=3132 catchup=3132 dropped_slots=0
de set. 23 13:49:33 msi reac-pw[2896]: reac-health: drift +36.8 ppm | discard 0.000 frames/s (0.000 ms/s) | ring 0 frames (0.00 ms) | launch-miss 0.00/s (qdisc drops 33) | wake-late 10.59/s (worst 2 slots, under 250 us of a 2500 us lead; re-base 0.00/s) | tx_errors 15 | rate-match n/a ppm | pacer etf
de set. 23 13:49:34 msi reac-pw[2896]: reac-pacer: ring depth 0 frames (0.00 ms) [interval min 0 (0.00 ms) max 0 (0.00 ms)] | guard trims=0 dropped=0 frames | tx=15 tx_errors=2830323 late_wakes=3002 catchup=3001 dropped_slots=57
de set. 23 13:49:34 msi reac-pw[2896]: reac-health: drift +1000000.0 ppm | discard 0.000 frames/s (0.000 ms/s) | ring 0 frames (0.00 ms) | late 5.49/s (catchup 5.49/s, dropped 0.00/s, worst debt 2 slots) | tx_errors 2830323 | rate-match n/a ppm | pacer thread (ETF refused: the kernel's TAI offset is 0 — CLOCK_TAI is really UTC and every launch time would be wrong)
de set. 23 13:49:34 msi reac-pw[2896]: reac-master: [402.442564] still PROBING: rx_box_frames=0 rx_joins=0 after 119 COMPLETED scene push(es) (carrier is up. A box that is LINKED AND SILENT looks like this, and a whole push is what captures one — but a box that has DROPPED leaves that state on a PHY link-up and on nothing else, so if this count keeps climbing the wire needs an edge, not more frames. A box that is not there looks the same: check it is powered and cabled to THIS segment.)
de set. 23 13:49:42 msi reac-pw[2896]: reac-pacer: ring depth 0 frames (0.00 ms) [interval min 0 (0.00 ms) max 0 (0.00 ms)] | guard trims=0 dropped=0 frames | tx=2747089 tx_errors=15 late_wakes=3180 catchup=3180 dropped_slots=0
de set. 23 13:49:43 msi reac-pw[2896]: reac-health: drift +36.7 ppm | discard 0.000 frames/s (0.000 ms/s) | ring 0 frames (0.00 ms) | launch-miss 0.00/s (qdisc drops 33) | wake-late 4.61/s (worst 2 slots, under 250 us of a 2500 us lead; re-base 0.00/s) | tx_errors 15 | rate-match n/a ppm | pacer etf
de set. 23 13:49:44 msi reac-pw[2896]: reac-pacer: ring depth 0 frames (0.00 ms) [interval min 0 (0.00 ms) max 0 (0.00 ms)] | guard trims=0 dropped=0 frames | tx=15 tx_errors=2911923 late_wakes=3082 catchup=3081 dropped_slots=57
de set. 23 13:49:44 msi reac-pw[2896]: reac-health: drift +1000000.0 ppm | discard 0.000 frames/s (0.000 ms/s) | ring 0 frames (0.00 ms) | late 7.84/s (catchup 7.84/s, dropped 0.00/s, worst debt 2 slots) | tx_errors 2911923 | rate-match n/a ppm | pacer thread (ETF refused: the kernel's TAI offset is 0 — CLOCK_TAI is really UTC and every launch time would be wrong)
de set. 23 13:49:44 msi reac-pw[2896]: reac-master: [412.442564] still PROBING: rx_box_frames=0 rx_joins=0 after 123 COMPLETED scene push(es) (carrier is up. A box that is LINKED AND SILENT looks like this, and a whole push is what captures one — but a box that has DROPPED leaves that state on a PHY link-up and on nothing else, so if this count keeps climbing the wire needs an edge, not more frames. A box that is not there looks the same: check it is powered and cabled to THIS segment.)
de set. 23 13:49:52 msi reac-pw[2896]: reac-pacer: ring depth 0 frames (0.00 ms) [interval min 0 (0.00 ms) max 0 (0.00 ms)] | guard trims=0 dropped=0 frames | tx=2827086 tx_errors=15 late_wakes=3246 catchup=3246 dropped_slots=0
de set. 23 13:49:53 msi reac-pw[2896]: reac-health: drift +37.6 ppm | discard 0.000 frames/s (0.000 ms/s) | ring 0 frames (0.00 ms) | launch-miss 0.00/s (qdisc drops 33) | wake-late 6.50/s (worst 2 slots, under 250 us of a 2500 us lead; re-base 0.00/s) | tx_errors 15 | rate-match n/a ppm | pacer etf
de set. 23 13:49:54 msi reac-pw[2896]: reac-master: [422.442564] still PROBING: rx_box_frames=0 rx_joins=0 after 127 COMPLETED scene push(es) (carrier is up. A box that is LINKED AND SILENT looks like this, and a whole push is what captures one — but a box that has DROPPED leaves that state on a PHY link-up and on nothing else, so if this count keeps climbing the wire needs an edge, not more frames. A box that is not there looks the same: check it is powered and cabled to THIS segment.)
de set. 23 13:49:54 msi reac-pw[2896]: reac-pacer: ring depth 0 frames (0.00 ms) [interval min 0 (0.00 ms) max 0 (0.00 ms)] | guard trims=0 dropped=0 frames | tx=15 tx_errors=2993523 late_wakes=3135 catchup=3134 dropped_slots=57
de set. 23 13:49:54 msi reac-pw[2896]: reac-health: drift +1000000.0 ppm | discard 0.000 frames/s (0.000 ms/s) | ring 0 frames (0.00 ms) | late 5.20/s (catchup 5.20/s, dropped 0.00/s, worst debt 2 slots) | tx_errors 2993523 | rate-match n/a ppm | pacer thread (ETF refused: the kernel's TAI offset is 0 — CLOCK_TAI is really UTC and every launch time would be wrong)
de set. 23 13:50:02 msi reac-pw[2896]: reac-pacer: ring depth 0 frames (0.00 ms) [interval min 0 (0.00 ms) max 0 (0.00 ms)] | guard trims=0 dropped=0 frames | tx=2907082 tx_errors=15 late_wakes=3307 catchup=3307 dropped_slots=0
de set. 23 13:50:03 msi reac-pw[2896]: reac-health: drift +50.2 ppm | discard 0.000 frames/s (0.000 ms/s) | ring 0 frames (0.00 ms) | launch-miss 0.00/s (qdisc drops 33) | wake-late 6.10/s (worst 2 slots, under 250 us of a 2500 us lead; re-base 0.00/s) | tx_errors 15 | rate-match n/a ppm | pacer etf
de set. 23 13:50:04 msi reac-pw[2896]: reac-master: [432.442564] still PROBING: rx_box_frames=0 rx_joins=0 after 130 COMPLETED scene push(es) (carrier is up. A box that is LINKED AND SILENT looks like this, and a whole push is what captures one — but a box that has DROPPED leaves that state on a PHY link-up and on nothing else, so if this count keeps climbing the wire needs an edge, not more frames. A box that is not there looks the same: check it is powered and cabled to THIS segment.)
de set. 23 13:50:04 msi reac-pw[2896]: reac-pacer: ring depth 0 frames (0.00 ms) [interval min 0 (0.00 ms) max 0 (0.00 ms)] | guard trims=0 dropped=0 frames | tx=15 tx_errors=3073523 late_wakes=3181 catchup=3180 dropped_slots=57
de set. 23 13:50:04 msi reac-pw[2896]: reac-health: drift +1000000.0 ppm | discard 0.000 frames/s (0.000 ms/s) | ring 0 frames (0.00 ms) | late 4.60/s (catchup 4.60/s, dropped 0.00/s, worst debt 2 slots) | tx_errors 3073523 | rate-match n/a ppm | pacer thread (ETF refused: the kernel's TAI offset is 0 — CLOCK_TAI is really UTC and every launch time would be wrong)
de set. 23 13:50:07 msi reac-pw[2896]: reac-master: [435.744248] box JOIN seen (cdea 04 03, unicast from 00:40:ab:c4:80:41) -> ESTABLISHED
de set. 23 13:50:07 msi reac-pw[2896]:   blk: 04030014000200fe 0ff0410a00001212 01000600090070f7 0000000000000000
de set. 23 13:50:09 msi reac-pw[2896]: reac-master: [437.744844] box JOIN seen (cdea 04 03, unicast from 00:40:ab:c4:80:41) -> ESTABLISHED
de set. 23 13:50:09 msi reac-pw[2896]:   blk: 04030014000200fe 0ff0410a00001212 01000600090070f7 0000000000000000
de set. 23 13:50:12 msi reac-pw[2896]: reac-pacer: ring depth 0 frames (0.00 ms) [interval min 0 (0.00 ms) max 0 (0.00 ms)] | guard trims=0 dropped=0 frames | tx=2987078 tx_errors=17 late_wakes=3378 catchup=3378 dropped_slots=0
de set. 23 13:50:13 msi reac-pw[2896]: reac-health: drift +48.8 ppm | discard 0.000 frames/s (0.000 ms/s) | ring 0 frames (0.00 ms) | launch-miss 0.20/s (qdisc drops 35) | wake-late 6.96/s (worst 2 slots, under 250 us of a 2500 us lead; re-base 0.00/s) | tx_errors 17 | rate-match n/a ppm | pacer etf
de set. 23 13:50:14 msi reac-pw[2896]: reac-master: [442.442564] still PROBING: rx_box_frames=0 rx_joins=0 after 134 COMPLETED scene push(es) (carrier is up. A box that is LINKED AND SILENT looks like this, and a whole push is what captures one — but a box that has DROPPED leaves that state on a PHY link-up and on nothing else, so if this count keeps climbing the wire needs an edge, not more frames. A box that is not there looks the same: check it is powered and cabled to THIS segment.)
de set. 23 13:50:14 msi reac-pw[2896]: reac-pacer: ring depth 0 frames (0.00 ms) [interval min 0 (0.00 ms) max 0 (0.00 ms)] | guard trims=0 dropped=0 frames | tx=15 tx_errors=3155123 late_wakes=3264 catchup=3263 dropped_slots=57
de set. 23 13:50:14 msi reac-pw[2896]: reac-health: drift +1000000.0 ppm | discard 0.000 frames/s (0.000 ms/s) | ring 0 frames (0.00 ms) | late 8.14/s (catchup 8.14/s, dropped 0.00/s, worst debt 2 slots) | tx_errors 3155123 | rate-match n/a ppm | pacer thread (ETF refused: the kernel's TAI offset is 0 — CLOCK_TAI is really UTC and every launch time would be wrong)
de set. 23 13:50:23 msi reac-pw[2896]: reac-pacer: ring depth 0 frames (0.00 ms) [interval min 0 (0.00 ms) max 0 (0.00 ms)] | guard trims=0 dropped=0 frames | tx=3068675 tx_errors=17 late_wakes=3439 catchup=3439 dropped_slots=0
de set. 23 13:50:23 msi reac-pw[2896]: reac-health: drift +37.6 ppm | discard 0.000 frames/s (0.000 ms/s) | ring 0 frames (0.00 ms) | launch-miss 0.00/s (qdisc drops 35) | wake-late 6.20/s (worst 2 slots, under 250 us of a 2500 us lead; re-base 0.00/s) | tx_errors 17 | rate-match n/a ppm | pacer etf
de set. 23 13:50:24 msi reac-pw[2896]: reac-master: [452.442564] still PROBING: rx_box_frames=0 rx_joins=0 after 138 COMPLETED scene push(es) (carrier is up. A box that is LINKED AND SILENT looks like this, and a whole push is what captures one — but a box that has DROPPED leaves that state on a PHY link-up and on nothing else, so if this count keeps climbing the wire needs an edge, not more frames. A box that is not there looks the same: check it is powered and cabled to THIS segment.)
de set. 23 13:50:24 msi reac-pw[2896]: reac-pacer: ring depth 0 frames (0.00 ms) [interval min 0 (0.00 ms) max 0 (0.00 ms)] | guard trims=0 dropped=0 frames | tx=15 tx_errors=3235123 late_wakes=3350 catchup=3349 dropped_slots=57
de set. 23 13:50:24 msi reac-pw[2896]: reac-health: drift +1000000.0 ppm | discard 0.000 frames/s (0.000 ms/s) | ring 0 frames (0.00 ms) | late 8.60/s (catchup 8.60/s, dropped 0.00/s, worst debt 2 slots) | tx_errors 3235123 | rate-match n/a ppm | pacer thread (ETF refused: the kernel's TAI offset is 0 — CLOCK_TAI is really UTC and every launch time would be wrong)
de set. 23 13:50:33 msi reac-pw[2896]: reac-pacer: ring depth 0 frames (0.00 ms) [interval min 0 (0.00 ms) max 0 (0.00 ms)] | guard trims=0 dropped=0 frames | tx=3150272 tx_errors=17 late_wakes=3500 catchup=3500 dropped_slots=0
de set. 23 13:50:33 msi reac-pw[2896]: reac-health: drift +48.9 ppm | discard 0.000 frames/s (0.000 ms/s) | ring 0 frames (0.00 ms) | launch-miss 0.00/s (qdisc drops 35) | wake-late 5.88/s (worst 2 slots, under 250 us of a 2500 us lead; re-base 0.00/s) | tx_errors 17 | rate-match n/a ppm | pacer etf
de set. 23 13:50:34 msi reac-pw[2896]: reac-master: [462.442564] still PROBING: rx_box_frames=0 rx_joins=0 after 141 COMPLETED scene push(es) (carrier is up. A box that is LINKED AND SILENT looks like this, and a whole push is what captures one — but a box that has DROPPED leaves that state on a PHY link-up and on nothing else, so if this count keeps climbing the wire needs an edge, not more frames. A box that is not there looks the same: check it is powered and cabled to THIS segment.)
de set. 23 13:50:35 msi reac-pw[2896]: reac-pacer: ring depth 0 frames (0.00 ms) [interval min 0 (0.00 ms) max 0 (0.00 ms)] | guard trims=0 dropped=0 frames | tx=15 tx_errors=3316723 late_wakes=3405 catchup=3404 dropped_slots=57
de set. 23 13:50:35 msi reac-pw[2896]: reac-health: drift +1000000.0 ppm | discard 0.000 frames/s (0.000 ms/s) | ring 0 frames (0.00 ms) | late 5.39/s (catchup 5.39/s, dropped 0.00/s, worst debt 2 slots) | tx_errors 3316723 | rate-match n/a ppm | pacer thread (ETF refused: the kernel's TAI offset is 0 — CLOCK_TAI is really UTC and every launch time would be wrong)
de set. 23 13:50:43 msi reac-pw[2896]: reac-pacer: ring depth 0 frames (0.00 ms) [interval min 0 (0.00 ms) max 0 (0.00 ms)] | guard trims=0 dropped=0 frames | tx=3230268 tx_errors=17 late_wakes=3557 catchup=3557 dropped_slots=0
de set. 23 13:50:43 msi reac-pw[2896]: reac-health: drift +37.7 ppm | discard 0.000 frames/s (0.000 ms/s) | ring 0 frames (0.00 ms) | launch-miss 0.00/s (qdisc drops 35) | wake-late 5.90/s (worst 2 slots, under 250 us of a 2500 us lead; re-base 0.00/s) | tx_errors 17 | rate-match n/a ppm | pacer etf
de set. 23 13:50:44 msi reac-pw[2896]: reac-master: [472.442564] still PROBING: rx_box_frames=0 rx_joins=0 after 145 COMPLETED scene push(es) (carrier is up. A box that is LINKED AND SILENT looks like this, and a whole push is what captures one — but a box that has DROPPED leaves that state on a PHY link-up and on nothing else, so if this count keeps climbing the wire needs an edge, not more frames. A box that is not there looks the same: check it is powered and cabled to THIS segment.)
de set. 23 13:50:45 msi reac-pw[2896]: reac-pacer: ring depth 0 frames (0.00 ms) [interval min 0 (0.00 ms) max 0 (0.00 ms)] | guard trims=0 dropped=0 frames | tx=15 tx_errors=3398323 late_wakes=3452 catchup=3451 dropped_slots=57
de set. 23 13:50:45 msi reac-pw[2896]: reac-health: drift +1000000.0 ppm | discard 0.000 frames/s (0.000 ms/s) | ring 0 frames (0.00 ms) | late 4.61/s (catchup 4.61/s, dropped 0.00/s, worst debt 3 slots) | tx_errors 3398323 | rate-match n/a ppm | pacer thread (ETF refused: the kernel's TAI offset is 0 — CLOCK_TAI is really UTC and every launch time would be wrong)
de set. 23 13:50:53 msi reac-pw[2896]: reac-master: LINK-DOWN on enp128s20f0u6 — the peer is gone whatever the last badge said. Dropping to PROBING; the cable is out at OUR end, so nothing resolves until it returns.
de set. 23 13:50:53 msi reac-pw[2896]: reac-pacer: ring depth 0 frames (0.00 ms) [interval min 0 (0.00 ms) max 0 (0.00 ms)] | guard trims=0 dropped=0 frames | tx=3310264 tx_errors=17 late_wakes=3587 catchup=3587 dropped_slots=0
de set. 23 13:50:53 msi reac-pw[2896]: reac-master: [481.071568] PROBING -> IDLE (LINK-DOWN on the wire)
de set. 23 13:50:53 msi reac-pw[2896]: reac-master: [481.071569] IDLE -> PROBING (timer)
de set. 23 13:50:53 msi reac-pw[2896]: reac-health: drift +48.8 ppm | discard 0.000 frames/s (0.000 ms/s) | ring 0 frames (0.00 ms) | launch-miss 0.00/s (qdisc drops 35) | wake-late 3.24/s (worst 2 slots, under 250 us of a 2500 us lead; re-base 0.00/s) | tx_errors 17 | rate-match n/a ppm | pacer etf
de set. 23 13:50:55 msi reac-pw[2896]: reac-pacer: ring depth 0 frames (0.00 ms) [interval min 0 (0.00 ms) max 0 (0.00 ms)] | guard trims=0 dropped=0 frames | tx=18981 tx_errors=3460957 late_wakes=3504 catchup=3503 dropped_slots=57
de set. 23 13:50:55 msi reac-pw[2896]: reac-health: drift +767573.5 ppm | discard 0.000 frames/s (0.000 ms/s) | ring 0 frames (0.00 ms) | late 5.10/s (catchup 5.10/s, dropped 0.00/s, worst debt 2 slots) | tx_errors 3460957 | rate-match n/a ppm | pacer thread (ETF refused: the kernel's TAI offset is 0 — CLOCK_TAI is really UTC and every launch time would be wrong)
de set. 23 13:50:56 msi reac-pw[2896]: reac-master: shutdown in PROBING — tx=24627 err=3460957 late=3506 | rx_box_frames=0 rx_box_ctrl=0 rx_joins=0 grant_attempts=0 | drops: peer-gone=0 bye=0 mac-change=0 grant-timeout=0 | log-drops=0
de set. 23 13:50:56 msi reac-pw[2896]: reac-qdisc: removed the etf qdisc this daemon installed on enp128s20f0u6
de set. 23 13:50:56 msi reac-pw[2896]: reac-pw: S_SEGMENT_DROPPED [enp128s20f0u6] segment dropped — link down past the hold, or the interface went away
de set. 23 13:50:56 msi reac-pw[2896]: reac-pw: a segment left the roster — rebuilding the `reac-pw` roster node, because a PipeWire node cannot be told to drop a property and a group left behind is a console reading a box that is not there
de set. 23 13:50:57 msi reac-pw[2896]: reac-pw: [enp128s20f0u6] listening — role auto (autodetected): the wire decides
de set. 23 13:50:57 msi reac-pw[2896]: reac-pw: [enp128s20f0u6] REAC_ROLE='slave' in ~/.config/openmixer/reac.env (last resort) is IGNORED: a segment's role is autodetected, and the one thing that overrides it is reac-pw.conf [segment enp128s20f0u6] role= (spec 2026-09-16)
de set. 23 13:50:57 msi reac-pw[2896]: reac-pw: the segment roster is on the graph: node `reac-pw` id 330, no ports, reac.roster=1 — every segment this daemon runs, probing ones included. Read it with `pw-cli info 330`
de set. 23 13:50:57 msi reac-pw[2896]: reac-pw: [enp128s20f0u6] no REAC heard in 500 ms — a master fills every slot, so this wire has none: taking it as MASTER and probing until a box cold-connects
de set. 23 13:50:57 msi reac-pw[2896]: reac-pw: [enp128s20f0u6] no master heard in 3 s and NOTHING at all was heard on it — a master fills every audio slot, so this wire has none. Whether a box is there is still unknown: a slave is silent until a master speaks — taking the wire as MASTER: probe, grant, establish
de set. 23 13:50:57 msi reac-pw[2896]: reac-pw: [enp128s20f0u6] REAC rate = 96000 Hz (8000 pps), from ~/.config/reac-pw/reac-pw.env (per-host)
de set. 23 13:50:57 msi reac-pw[2896]: reac-pw: [enp128s20f0u6] recovered REAC rate = 96000 Hz (8000 pps), rx stream = box upstream return (box-width)
de set. 23 13:50:57 msi reac-pw[2896]: reac-qdisc: installed etf clockid CLOCK_TAI delta 300000 skip_sock_check as enp128s20f0u6's root qdisc (it carried 'fq_codel'); it is removed again on exit
de set. 23 13:50:57 msi reac-pw[2896]: reac-qdisc: ETF catch-up budget is the LEAD, not the thread's wake tail — 17 slots from a 2500 us lead less the 300 us qdisc delta at 8000 fps
de set. 23 13:50:57 msi reac-pw[2896]: reac-pacer: slot-debt catch-up ON (17 slots = 2125 us at 8000 fps)
de set. 23 13:50:57 msi reac-pw[2896]: reac-clock: following ENABLED (the default; REACPW_CLOCK_FOLLOW=0 opts out) — master (pace: generated here) — free-running (no reference), nominal period 125000 ns; the reference in use is reported on every change
de set. 23 13:50:57 msi reac-pw[2896]: reac-pacer: backend ETF — SO_TXTIME on CLOCK_TAI (kernel TAI offset 37 s), qdisc etf, lead 2500 us, launch grid exact at 8000 fps (125000 + 0/8000 ns per slot)
de set. 23 13:50:57 msi reac-pw[2896]: reac-pw: [enp128s20f0u6] MASTER role (M-5000 profile) on 'enp128s20f0u6' — event-driven establishment: probing until the box's cold-connect (cdea 04 03) arrives; FSM/RX transcript on stderr
de set. 23 13:50:57 msi reac-pw[2896]: reac-pw: [enp128s20f0u6] MASTER autodetect — PROBING, and NOTHING is on the graph for this segment: reac-capture / reac-playback are created when a box is recognized on this wire, and removed again when it leaves. A segment with no box is a line in this journal and not a device.
de set. 23 13:50:57 msi reac-pw[2896]: reac-pw: S_SEGMENT_UP [enp128s20f0u6] segment up (master, chosen by hearing the wire) — 10 served so far
de set. 23 13:50:57 msi reac-pw[2896]: reac_pacer: SCHED_FIFO prio 45 (built-in) — below the PipeWire graph (driver 60, clients 55)
de set. 23 13:50:57 msi reac-pw[2896]: reac-master: [485.533348] IDLE -> PROBING (timer)
de set. 23 13:50:57 msi reac-pw[2896]: reac-pacer: ring depth 0 frames (0.00 ms) [interval min 0 (0.00 ms) max 0 (0.00 ms)] | guard trims=0 dropped=0 frames | tx=1591 tx_errors=0 late_wakes=3 catchup=3 dropped_slots=0
de set. 23 13:50:58 msi reac-pw[2896]: reac-pw: S_SEGMENT_HEARD [enp128s20f0u6] REAC heard — box 00:40:ab:c4:dc:9c S-0808 (8 in / 8 out) (8 ch): this interface is a segment
de set. 23 13:50:58 msi reac-pw[2896]: reac-disco: [486.234270] box 00:40:ab:c4:dc:9c model=s0808
de set. 23 13:50:58 msi reac-pw[2896]: reac-master: [486.234271] recognized box = S-0808 (8 in / 8 out) from 00:40:ab:c4:dc:9c
de set. 23 13:50:58 msi reac-pw[2896]: reac-master: [486.234272] box presence GAINED (CONFIG from 00:40:ab:c4:dc:9c)
de set. 23 13:50:58 msi reac-pw[2896]: reac-master: [486.234272] rx CONFIG from 00:40:ab:c4:dc:9c (state GRANTING)
de set. 23 13:50:58 msi reac-pw[2896]: reac-master: [486.234272] PROBING -> GRANTING (rx CONFIG)
de set. 23 13:50:58 msi reac-pw[2896]: reac-master: [486.234394] rx UNICAST from 00:40:ab:c4:dc:9c (state GRANTING)
de set. 23 13:50:58 msi reac-pw[2896]: reac-master: [486.312519] box presence LOST (600 frames silent)
de set. 23 13:50:58 msi reac-pw[2896]: reac-master: [486.332395] GRANTING -> ESTABLISHED (timer)
de set. 23 13:50:58 msi reac-pw[2896]: reac-master: [486.439771] box presence GAINED (UNICAST from 00:40:ab:c4:dc:9c)
de set. 23 13:50:58 msi reac-pw[2896]: reac-master: [486.439771] rx UNICAST from 00:40:ab:c4:dc:9c (state ESTABLISHED)
de set. 23 13:50:58 msi reac-pw[2896]: reac-pw: [enp128s20f0u6] autodetected S-0808 (8 in / 8 out) -> reac-capture 8 in / reac-playback 8 out
de set. 23 13:50:59 msi reac-pw[2896]: reac-clock: [486.813146] master (pace: generated here) — acquiring box counter slope (S-0808 (8 in / 8 out)) (applied +10.000 ppm, period 124999 ns vs nominal 125000 ns)
de set. 23 13:50:59 msi reac-pw[2896]: reac-master: [487.086268] box JOIN seen (cdea 04 03, unicast from 00:40:ab:c4:dc:9c) -> ESTABLISHED
de set. 23 13:50:59 msi reac-pw[2896]:   blk: 04030014000200fe 0ff0410a00001212 01000600010078f7 0000000000000000
de set. 23 13:50:59 msi reac-pw[2896]: reac-master: [487.086392] box JOIN seen (cdea 04 03, unicast from 00:40:ab:c4:dc:9c) -> ESTABLISHED
de set. 23 13:50:59 msi reac-pw[2896]:   blk: 04030013000200fe 0ef0410a00001212 03020001007af700 0000000000000002
de set. 23 13:50:59 msi reac-pw[2896]: reac-master: [487.086518] rx HEARTBEAT from 00:40:ab:c4:dc:9c (state ESTABLISHED)
de set. 23 13:50:59 msi reac-pw[2896]: reac-disco: [487.234397] box 00:40:ab:c4:dc:9c model=s0808 (ours)
de set. 23 13:50:59 msi reac-pw[2896]: reac-clock: [487.453141] master (pace: generated here) — acquiring graph clock (api.alsa.0) (applied -0.882 ppm, period 125000 ns vs nominal 125000 ns)
de set. 23 13:51:03 msi reac-pw[2896]: reac-pacer: ring depth 0 frames (0.00 ms) [interval min 0 (0.00 ms) max 0 (0.00 ms)] | guard trims=0 dropped=0 frames | tx=3390261 tx_errors=17 late_wakes=3684 catchup=3684 dropped_slots=0
de set. 23 13:51:03 msi reac-pw[2896]: reac-health: drift +50.3 ppm | discard 0.000 frames/s (0.000 ms/s) | ring 0 frames (0.00 ms) | launch-miss 0.00/s (qdisc drops 35) | wake-late 10.70/s (worst 2 slots, under 250 us of a 2500 us lead; re-base 0.00/s) | tx_errors 17 | rate-match n/a ppm | pacer etf
de set. 23 13:51:05 msi reac-pw[2896]: reac-clock: [492.829233] master (pace: generated here) — locked to graph clock (api.alsa.0) (applied -20.841 ppm, period 125003 ns vs nominal 125000 ns)
de set. 23 13:51:08 msi reac-pw[2896]: reac-pacer: ring depth 0 frames (0.00 ms) [interval min 0 (0.00 ms) max 0 (0.00 ms)] | guard trims=0 dropped=0 frames | tx=83189 tx_errors=1 late_wakes=16 catchup=16 dropped_slots=0
de set. 23 13:51:08 msi reac-pw[2896]: reac-health: drift +12.9 ppm | discard 0.000 frames/s (0.000 ms/s) | ring 0 frames (0.00 ms) | launch-miss 0.00/s (qdisc drops 2) | wake-late 1.27/s (worst 2 slots, under 250 us of a 2500 us lead; re-base 0.00/s) | tx_errors 1 | rate-match n/a ppm | pacer etf
de set. 23 13:51:08 msi reac-pw[2896]: reac-clock: [496.541322] master (pace: generated here) — locked to graph clock (api.alsa.0), quality: good (applied -20.278 ppm, period 125003 ns vs nominal 125000 ns)
de set. 23 13:51:13 msi reac-pw[2896]: reac-pacer: ring depth 0 frames (0.00 ms) [interval min 0 (0.00 ms) max 0 (0.00 ms)] | guard trims=0 dropped=0 frames | tx=3471857 tx_errors=17 late_wakes=3734 catchup=3734 dropped_slots=0
de set. 23 13:51:14 msi reac-pw[2896]: reac-health: drift +36.9 ppm | discard 0.000 frames/s (0.000 ms/s) | ring 0 frames (0.00 ms) | launch-miss 0.00/s (qdisc drops 35) | wake-late 3.53/s (worst 2 slots, under 250 us of a 2500 us lead; re-base 0.00/s) | tx_errors 17 | rate-match n/a ppm | pacer etf
de set. 23 13:51:18 msi reac-pw[2896]: reac-pacer: ring depth 0 frames (0.00 ms) [interval min 0 (0.00 ms) max 0 (0.00 ms)] | guard trims=0 dropped=0 frames | tx=163189 tx_errors=1 late_wakes=39 catchup=39 dropped_slots=0
de set. 23 13:51:18 msi reac-pw[2896]: reac-health: drift +17.4 ppm | discard 0.000 frames/s (0.000 ms/s) | ring 0 frames (0.00 ms) | launch-miss 0.00/s (qdisc drops 2) | wake-late 2.30/s (worst 2 slots, under 250 us of a 2500 us lead; re-base 0.00/s) | tx_errors 1 | rate-match n/a ppm | pacer etf
de set. 23 13:51:23 msi reac-pw[2896]: reac-pacer: ring depth 0 frames (0.00 ms) [interval min 0 (0.00 ms) max 0 (0.00 ms)] | guard trims=0 dropped=0 frames | tx=3551853 tx_errors=17 late_wakes=3823 catchup=3823 dropped_slots=0
de set. 23 13:51:24 msi reac-pw[2896]: reac-health: drift +50.1 ppm | discard 0.000 frames/s (0.000 ms/s) | ring 0 frames (0.00 ms) | launch-miss 0.00/s (qdisc drops 35) | wake-late 9.00/s (worst 2 slots, under 250 us of a 2500 us lead; re-base 0.00/s) | tx_errors 17 | rate-match n/a ppm | pacer etf
de set. 23 13:51:28 msi reac-pw[2896]: reac-pacer: ring depth 0 frames (0.00 ms) [interval min 0 (0.00 ms) max 0 (0.00 ms)] | guard trims=0 dropped=0 frames | tx=244787 tx_errors=2 late_wakes=74 catchup=74 dropped_slots=0
de set. 23 13:51:28 msi reac-pw[2896]: reac-health: drift +21.5 ppm | discard 0.000 frames/s (0.000 ms/s) | ring 0 frames (0.00 ms) | launch-miss 0.10/s (qdisc drops 3) | wake-late 3.43/s (worst 2 slots, under 250 us of a 2500 us lead; re-base 0.00/s) | tx_errors 2 | rate-match n/a ppm | pacer etf
de set. 23 13:51:33 msi reac-pw[2896]: reac-pacer: ring depth 0 frames (0.00 ms) [interval min 0 (0.00 ms) max 0 (0.00 ms)] | guard trims=0 dropped=0 frames | tx=3631849 tx_errors=17 late_wakes=3903 catchup=3903 dropped_slots=0
de set. 23 13:51:34 msi reac-pw[2896]: reac-health: drift +61.3 ppm | discard 0.000 frames/s (0.000 ms/s) | ring 0 frames (0.00 ms) | launch-miss 0.00/s (qdisc drops 35) | wake-late 8.82/s (worst 5 slots, under 625 us of a 2500 us lead; re-base 0.00/s) | tx_errors 17 | rate-match n/a ppm | pacer etf
de set. 23 13:51:38 msi reac-pw[2896]: reac-pacer: ring depth 0 frames (0.00 ms) [interval min 0 (0.00 ms) max 0 (0.00 ms)] | guard trims=0 dropped=0 frames | tx=324787 tx_errors=3 late_wakes=88 catchup=88 dropped_slots=0
de set. 23 13:51:38 msi reac-pw[2896]: reac-health: drift +10.9 ppm | discard 0.000 frames/s (0.000 ms/s) | ring 0 frames (0.00 ms) | launch-miss 0.10/s (qdisc drops 4) | wake-late 1.40/s (worst 2 slots, under 250 us of a 2500 us lead; re-base 0.00/s) | tx_errors 3 | rate-match n/a ppm | pacer etf
de set. 23 13:51:43 msi reac-pw[2896]: reac-pacer: ring depth 0 frames (0.00 ms) [interval min 0 (0.00 ms) max 0 (0.00 ms)] | guard trims=0 dropped=0 frames | tx=3711844 tx_errors=17 late_wakes=4049 catchup=4049 dropped_slots=0
de set. 23 13:51:44 msi reac-pw[2896]: reac-health: drift +56.9 ppm | discard 0.000 frames/s (0.000 ms/s) | ring 0 frames (0.00 ms) | launch-miss 0.00/s (qdisc drops 35) | wake-late 14.61/s (worst 4 slots, under 500 us of a 2500 us lead; re-base 0.00/s) | tx_errors 17 | rate-match n/a ppm | pacer etf
de set. 23 13:51:48 msi reac-pw[2896]: reac-pacer: ring depth 0 frames (0.00 ms) [interval min 0 (0.00 ms) max 0 (0.00 ms)] | guard trims=0 dropped=0 frames | tx=406385 tx_errors=4 late_wakes=127 catchup=127 dropped_slots=0
de set. 23 13:51:48 msi reac-pw[2896]: reac-health: drift +0.1 ppm | discard 0.000 frames/s (0.000 ms/s) | ring 0 frames (0.00 ms) | launch-miss 0.10/s (qdisc drops 5) | wake-late 3.82/s (worst 4 slots, under 500 us of a 2500 us lead; re-base 0.00/s) | tx_errors 4 | rate-match n/a ppm | pacer etf
de set. 23 13:51:53 msi reac-pw[2896]: reac-pacer: ring depth 0 frames (0.00 ms) [interval min 0 (0.00 ms) max 0 (0.00 ms)] | guard trims=0 dropped=0 frames | tx=3793439 tx_errors=17 late_wakes=4159 catchup=4159 dropped_slots=0
de set. 23 13:51:54 msi reac-pw[2896]: reac-health: drift +58.4 ppm | discard 0.000 frames/s (0.000 ms/s) | ring 0 frames (0.00 ms) | launch-miss 0.00/s (qdisc drops 35) | wake-late 9.80/s (worst 2 slots, under 250 us of a 2500 us lead; re-base 0.00/s) | tx_errors 17 | rate-match n/a ppm | pacer etf
de set. 23 13:51:58 msi reac-pw[2896]: reac-pacer: ring depth 0 frames (0.00 ms) [interval min 0 (0.00 ms) max 0 (0.00 ms)] | guard trims=0 dropped=0 frames | tx=487985 tx_errors=4 late_wakes=230 catchup=230 dropped_slots=0
de set. 23 13:51:58 msi reac-pw[2896]: reac-health: drift +11.5 ppm | discard 0.000 frames/s (0.000 ms/s) | ring 0 frames (0.00 ms) | launch-miss 0.00/s (qdisc drops 5) | wake-late 10.10/s (worst 3 slots, under 375 us of a 2500 us lead; re-base 0.00/s) | tx_errors 4 | rate-match n/a ppm | pacer etf
de set. 23 13:52:03 msi reac-pw[2896]: reac-pacer: ring depth 0 frames (0.00 ms) [interval min 0 (0.00 ms) max 0 (0.00 ms)] | guard trims=0 dropped=0 frames | tx=3873434 tx_errors=17 late_wakes=4218 catchup=4218 dropped_slots=0
de set. 23 13:52:04 msi reac-pw[2896]: reac-health: drift +68.4 ppm | discard 0.000 frames/s (0.000 ms/s) | ring 0 frames (0.00 ms) | launch-miss 0.00/s (qdisc drops 35) | wake-late 5.98/s (worst 2 slots, under 250 us of a 2500 us lead; re-base 0.00/s) | tx_errors 17 | rate-match n/a ppm | pacer etf
de set. 23 13:52:08 msi reac-pw[2896]: reac-pacer: ring depth 0 frames (0.00 ms) [interval min 0 (0.00 ms) max 0 (0.00 ms)] | guard trims=0 dropped=0 frames | tx=567984 tx_errors=4 late_wakes=299 catchup=299 dropped_slots=0
de set. 23 13:52:08 msi reac-pw[2896]: reac-health: drift +12.9 ppm | discard 0.000 frames/s (0.000 ms/s) | ring 0 frames (0.00 ms) | launch-miss 0.00/s (qdisc drops 5) | wake-late 6.90/s (worst 2 slots, under 250 us of a 2500 us lead; re-base 0.00/s) | tx_errors 4 | rate-match n/a ppm | pacer etf
de set. 23 13:52:13 msi reac-pw[2896]: reac-pacer: ring depth 0 frames (0.00 ms) [interval min 0 (0.00 ms) max 0 (0.00 ms)] | guard trims=0 dropped=0 frames | tx=3953429 tx_errors=17 late_wakes=4256 catchup=4256 dropped_slots=0
de set. 23 13:52:15 msi reac-pw[2896]: reac-health: drift +48.7 ppm | discard 0.000 frames/s (0.000 ms/s) | ring 0 frames (0.00 ms) | launch-miss 0.00/s (qdisc drops 35) | wake-late 5.78/s (worst 2 slots, under 250 us of a 2500 us lead; re-base 0.00/s) | tx_errors 17 | rate-match n/a ppm | pacer etf
de set. 23 13:52:18 msi reac-pw[2896]: reac-pacer: ring depth 0 frames (0.00 ms) [interval min 0 (0.00 ms) max 0 (0.00 ms)] | guard trims=0 dropped=0 frames | tx=649583 tx_errors=4 late_wakes=438 catchup=438 dropped_slots=0
de set. 23 13:52:18 msi reac-pw[2896]: reac-health: drift +0.0 ppm | discard 0.000 frames/s (0.000 ms/s) | ring 0 frames (0.00 ms) | launch-miss 0.00/s (qdisc drops 5) | wake-late 13.63/s (worst 2 slots, under 250 us of a 2500 us lead; re-base 0.00/s) | tx_errors 4 | rate-match n/a ppm | pacer etf
de set. 23 13:52:23 msi reac-pw[2896]: reac-pacer: ring depth 0 frames (0.00 ms) [interval min 0 (0.00 ms) max 0 (0.00 ms)] | guard trims=0 dropped=0 frames | tx=4033425 tx_errors=17 late_wakes=4354 catchup=4354 dropped_slots=0
de set. 23 13:52:25 msi reac-pw[2896]: reac-health: drift +62.9 ppm | discard 0.000 frames/s (0.000 ms/s) | ring 0 frames (0.00 ms) | launch-miss 0.00/s (qdisc drops 35) | wake-late 8.70/s (worst 4 slots, under 500 us of a 2500 us lead; re-base 0.00/s) | tx_errors 17 | rate-match n/a ppm | pacer etf
de set. 23 13:52:28 msi reac-pw[2896]: reac-pacer: ring depth 0 frames (0.00 ms) [interval min 0 (0.00 ms) max 0 (0.00 ms)] | guard trims=0 dropped=0 frames | tx=729583 tx_errors=5 late_wakes=473 catchup=473 dropped_slots=0
de set. 23 13:52:28 msi reac-pw[2896]: reac-health: drift +13.0 ppm | discard 0.000 frames/s (0.000 ms/s) | ring 0 frames (0.00 ms) | launch-miss 0.10/s (qdisc drops 6) | wake-late 3.50/s (worst 4 slots, under 500 us of a 2500 us lead; re-base 0.00/s) | tx_errors 5 | rate-match n/a ppm | pacer etf
de set. 23 13:52:33 msi reac-pw[2896]: reac-pacer: ring depth 0 frames (0.00 ms) [interval min 0 (0.00 ms) max 0 (0.00 ms)] | guard trims=0 dropped=0 frames | tx=4113420 tx_errors=17 late_wakes=4449 catchup=4449 dropped_slots=0
de set. 23 13:52:35 msi reac-pw[2896]: reac-health: drift +73.5 ppm | discard 0.000 frames/s (0.000 ms/s) | ring 0 frames (0.00 ms) | launch-miss 0.20/s (qdisc drops 37) | wake-late 9.02/s (worst 3 slots, under 375 us of a 2500 us lead; re-base 0.00/s) | tx_errors 17 | rate-match n/a ppm | pacer etf
de set. 23 13:52:39 msi reac-pw[2896]: reac-pacer: ring depth 0 frames (0.00 ms) [interval min 0 (0.00 ms) max 0 (0.00 ms)] | guard trims=0 dropped=0 frames | tx=811182 tx_errors=5 late_wakes=509 catchup=509 dropped_slots=0
de set. 23 13:52:39 msi reac-pw[2896]: reac-health: drift +11.7 ppm | discard 0.000 frames/s (0.000 ms/s) | ring 0 frames (0.00 ms) | launch-miss 0.00/s (qdisc drops 6) | wake-late 3.53/s (worst 3 slots, under 375 us of a 2500 us lead; re-base 0.00/s) | tx_errors 5 | rate-match n/a ppm | pacer etf
de set. 23 13:52:43 msi reac-pw[2896]: reac-pacer: ring depth 0 frames (0.00 ms) [interval min 0 (0.00 ms) max 0 (0.00 ms)] | guard trims=0 dropped=0 frames | tx=4195014 tx_errors=17 late_wakes=4521 catchup=4521 dropped_slots=0
de set. 23 13:52:45 msi reac-pw[2896]: reac-health: drift +61.5 ppm | discard 0.000 frames/s (0.000 ms/s) | ring 0 frames (0.00 ms) | launch-miss 0.00/s (qdisc drops 37) | wake-late 6.96/s (worst 2 slots, under 250 us of a 2500 us lead; re-base 0.00/s) | tx_errors 17 | rate-match n/a ppm | pacer etf
de set. 23 13:52:49 msi reac-pw[2896]: reac-pacer: ring depth 0 frames (0.00 ms) [interval min 0 (0.00 ms) max 0 (0.00 ms)] | guard trims=0 dropped=0 frames | tx=892781 tx_errors=5 late_wakes=523 catchup=523 dropped_slots=0
de set. 23 13:52:49 msi reac-pw[2896]: reac-health: drift -0.2 ppm | discard 0.000 frames/s (0.000 ms/s) | ring 0 frames (0.00 ms) | launch-miss 0.20/s (qdisc drops 8) | wake-late 1.37/s (worst 2 slots, under 250 us of a 2500 us lead; re-base 0.00/s) | tx_errors 5 | rate-match n/a ppm | pacer etf
de set. 23 13:52:53 msi reac-pw[2896]: reac-pacer: ring depth 0 frames (0.00 ms) [interval min 0 (0.00 ms) max 0 (0.00 ms)] | guard trims=0 dropped=0 frames | tx=4275009 tx_errors=17 late_wakes=4564 catchup=4564 dropped_slots=0
de set. 23 13:52:55 msi reac-pw[2896]: reac-health: drift +62.5 ppm | discard 0.000 frames/s (0.000 ms/s) | ring 0 frames (0.00 ms) | launch-miss 0.00/s (qdisc drops 37) | wake-late 4.40/s (worst 2 slots, under 250 us of a 2500 us lead; re-base 0.00/s) | tx_errors 17 | rate-match n/a ppm | pacer etf
de set. 23 13:52:59 msi reac-pw[2896]: reac-pacer: ring depth 0 frames (0.00 ms) [interval min 0 (0.00 ms) max 0 (0.00 ms)] | guard trims=0 dropped=0 frames | tx=972781 tx_errors=6 late_wakes=532 catchup=532 dropped_slots=0
de set. 23 13:52:59 msi reac-pw[2896]: reac-health: drift +12.9 ppm | discard 0.000 frames/s (0.000 ms/s) | ring 0 frames (0.00 ms) | launch-miss 0.10/s (qdisc drops 9) | wake-late 0.90/s (worst 2 slots, under 250 us of a 2500 us lead; re-base 0.00/s) | tx_errors 6 | rate-match n/a ppm | pacer etf
de set. 23 13:53:03 msi reac-pw[2896]: reac-pacer: ring depth 0 frames (0.00 ms) [interval min 0 (0.00 ms) max 0 (0.00 ms)] | guard trims=0 dropped=0 frames | tx=4355004 tx_errors=17 late_wakes=4650 catchup=4650 dropped_slots=0
de set. 23 13:53:05 msi reac-pw[2896]: reac-health: drift +60.7 ppm | discard 0.000 frames/s (0.000 ms/s) | ring 0 frames (0.00 ms) | launch-miss 0.10/s (qdisc drops 38) | wake-late 7.25/s (worst 3 slots, under 375 us of a 2500 us lead; re-base 0.00/s) | tx_errors 17 | rate-match n/a ppm | pacer etf
de set. 23 13:53:09 msi reac-pw[2896]: reac-pacer: ring depth 0 frames (0.00 ms) [interval min 0 (0.00 ms) max 0 (0.00 ms)] | guard trims=0 dropped=0 frames | tx=1052780 tx_errors=6 late_wakes=545 catchup=545 dropped_slots=0
de set. 23 13:53:09 msi reac-pw[2896]: reac-health: drift +11.9 ppm | discard 0.000 frames/s (0.000 ms/s) | ring 0 frames (0.00 ms) | launch-miss 0.00/s (qdisc drops 9) | wake-late 1.27/s (worst 2 slots, under 250 us of a 2500 us lead; re-base 0.00/s) | tx_errors 6 | rate-match n/a ppm | pacer etf
de set. 23 13:53:14 msi reac-pw[2896]: reac-pacer: ring depth 0 frames (0.00 ms) [interval min 0 (0.00 ms) max 0 (0.00 ms)] | guard trims=0 dropped=0 frames | tx=4436599 tx_errors=17 late_wakes=4725 catchup=4725 dropped_slots=0
de set. 23 13:53:15 msi reac-pw[2896]: reac-health: drift +62.6 ppm | discard 0.000 frames/s (0.000 ms/s) | ring 0 frames (0.00 ms) | launch-miss 0.00/s (qdisc drops 38) | wake-late 8.00/s (worst 2 slots, under 250 us of a 2500 us lead; re-base 0.00/s) | tx_errors 17 | rate-match n/a ppm | pacer etf
de set. 23 13:53:19 msi reac-pw[2896]: reac-pacer: ring depth 0 frames (0.00 ms) [interval min 0 (0.00 ms) max 0 (0.00 ms)] | guard trims=0 dropped=0 frames | tx=1132780 tx_errors=8 late_wakes=573 catchup=573 dropped_slots=0
de set. 23 13:53:19 msi reac-pw[2896]: reac-health: drift +9.8 ppm | discard 0.000 frames/s (0.000 ms/s) | ring 0 frames (0.00 ms) | launch-miss 0.20/s (qdisc drops 11) | wake-late 2.90/s (worst 2 slots, under 250 us of a 2500 us lead; re-base 0.00/s) | tx_errors 8 | rate-match n/a ppm | pacer etf
de set. 23 13:53:24 msi reac-pw[2896]: reac-pacer: ring depth 0 frames (0.00 ms) [interval min 0 (0.00 ms) max 0 (0.00 ms)] | guard trims=0 dropped=0 frames | tx=4518193 tx_errors=17 late_wakes=4794 catchup=4794 dropped_slots=0
de set. 23 13:53:25 msi reac-pw[2896]: reac-health: drift +75.3 ppm | discard 0.000 frames/s (0.000 ms/s) | ring 0 frames (0.00 ms) | launch-miss 0.00/s (qdisc drops 38) | wake-late 7.90/s (worst 2 slots, under 250 us of a 2500 us lead; re-base 0.00/s) | tx_errors 17 | rate-match n/a ppm | pacer etf
de set. 23 13:53:29 msi reac-pw[2896]: reac-pacer: ring depth 0 frames (0.00 ms) [interval min 0 (0.00 ms) max 0 (0.00 ms)] | guard trims=0 dropped=0 frames | tx=1214379 tx_errors=8 late_wakes=604 catchup=604 dropped_slots=0
de set. 23 13:53:29 msi reac-pw[2896]: reac-health: drift +1.8 ppm | discard 0.000 frames/s (0.000 ms/s) | ring 0 frames (0.00 ms) | launch-miss 0.00/s (qdisc drops 11) | wake-late 3.24/s (worst 2 slots, under 250 us of a 2500 us lead; re-base 0.00/s) | tx_errors 8 | rate-match n/a ppm | pacer etf
de set. 23 13:53:34 msi reac-pw[2896]: reac-pacer: ring depth 0 frames (0.00 ms) [interval min 0 (0.00 ms) max 0 (0.00 ms)] | guard trims=0 dropped=0 frames | tx=4598188 tx_errors=17 late_wakes=4870 catchup=4870 dropped_slots=0
de set. 23 13:53:35 msi reac-pw[2896]: reac-health: drift +62.9 ppm | discard 0.000 frames/s (0.000 ms/s) | ring 0 frames (0.00 ms) | launch-miss 0.00/s (qdisc drops 38) | wake-late 7.60/s (worst 2 slots, under 250 us of a 2500 us lead; re-base 0.00/s) | tx_errors 17 | rate-match n/a ppm | pacer etf
de set. 23 13:53:39 msi reac-pw[2896]: reac-pacer: ring depth 0 frames (0.00 ms) [interval min 0 (0.00 ms) max 0 (0.00 ms)] | guard trims=0 dropped=0 frames | tx=1294378 tx_errors=8 late_wakes=619 catchup=619 dropped_slots=0
de set. 23 13:53:39 msi reac-pw[2896]: reac-health: drift +12.6 ppm | discard 0.000 frames/s (0.000 ms/s) | ring 0 frames (0.00 ms) | launch-miss 0.00/s (qdisc drops 11) | wake-late 1.20/s (worst 1 slots, under 125 us of a 2500 us lead; re-base 0.00/s) | tx_errors 8 | rate-match n/a ppm | pacer etf
de set. 23 13:53:44 msi reac-pw[2896]: reac-pacer: ring depth 0 frames (0.00 ms) [interval min 0 (0.00 ms) max 0 (0.00 ms)] | guard trims=0 dropped=0 frames | tx=4679783 tx_errors=17 late_wakes=4941 catchup=4941 dropped_slots=0
de set. 23 13:53:45 msi reac-pw[2896]: reac-master: [652.805577] box JOIN seen (cdea 04 03, unicast from 00:40:ab:c4:80:41) -> ESTABLISHED
de set. 23 13:53:45 msi reac-pw[2896]:   blk: 04030014000200fe 0ff0410a00001212 01000600090070f7 0000000000000000
de set. 23 13:53:45 msi reac-pw[2896]: reac-health: drift +60.6 ppm | discard 0.000 frames/s (0.000 ms/s) | ring 0 frames (0.00 ms) | launch-miss 0.10/s (qdisc drops 39) | wake-late 5.90/s (worst 2 slots, under 250 us of a 2500 us lead; re-base 0.00/s) | tx_errors 18 | rate-match n/a ppm | pacer etf
de set. 23 13:53:49 msi reac-pw[2896]: reac-pacer: ring depth 0 frames (0.00 ms) [interval min 0 (0.00 ms) max 0 (0.00 ms)] | guard trims=0 dropped=0 frames | tx=1375977 tx_errors=9 late_wakes=648 catchup=648 dropped_slots=0
de set. 23 13:53:49 msi reac-pw[2896]: reac-health: drift +13.6 ppm | discard 0.000 frames/s (0.000 ms/s) | ring 0 frames (0.00 ms) | launch-miss 0.10/s (qdisc drops 12) | wake-late 2.90/s (worst 3 slots, under 375 us of a 2500 us lead; re-base 0.00/s) | tx_errors 9 | rate-match n/a ppm | pacer etf
de set. 23 13:53:54 msi reac-pw[2896]: reac-pacer: ring depth 0 frames (0.00 ms) [interval min 0 (0.00 ms) max 0 (0.00 ms)] | guard trims=0 dropped=0 frames | tx=4761379 tx_errors=18 late_wakes=4986 catchup=4986 dropped_slots=0
de set. 23 13:53:55 msi reac-pw[2896]: reac-health: drift +38.3 ppm | discard 0.000 frames/s (0.000 ms/s) | ring 0 frames (0.00 ms) | launch-miss 0.00/s (qdisc drops 39) | wake-late 4.02/s (worst 2 slots, under 250 us of a 2500 us lead; re-base 0.00/s) | tx_errors 18 | rate-match n/a ppm | pacer etf
de set. 23 13:53:57 msi reac-pw[2896]: reac-master: [665.109027] box JOIN seen (cdea 04 03, unicast from 00:40:ab:c4:80:41) -> ESTABLISHED
de set. 23 13:53:57 msi reac-pw[2896]:   blk: 04030014000200fe 0ff0410a00001212 01000600090070f7 0000000000000000
de set. 23 13:53:59 msi reac-pw[2896]: reac-pacer: ring depth 0 frames (0.00 ms) [interval min 0 (0.00 ms) max 0 (0.00 ms)] | guard trims=0 dropped=0 frames | tx=1455976 tx_errors=10 late_wakes=672 catchup=672 dropped_slots=0
de set. 23 13:53:59 msi reac-pw[2896]: reac-health: drift +13.1 ppm | discard 0.000 frames/s (0.000 ms/s) | ring 0 frames (0.00 ms) | launch-miss 0.10/s (qdisc drops 13) | wake-late 2.40/s (worst 3 slots, under 375 us of a 2500 us lead; re-base 0.00/s) | tx_errors 10 | rate-match n/a ppm | pacer etf
de set. 23 13:54:04 msi reac-pw[2896]: reac-pacer: ring depth 0 frames (0.00 ms) [interval min 0 (0.00 ms) max 0 (0.00 ms)] | guard trims=0 dropped=0 frames | tx=4842974 tx_errors=19 late_wakes=5055 catchup=5055 dropped_slots=0
de set. 23 13:54:05 msi reac-pw[2896]: reac-health: drift +62.6 ppm | discard 0.000 frames/s (0.000 ms/s) | ring 0 frames (0.00 ms) | launch-miss 0.10/s (qdisc drops 40) | wake-late 7.70/s (worst 3 slots, under 375 us of a 2500 us lead; re-base 0.00/s) | tx_errors 19 | rate-match n/a ppm | pacer etf
de set. 23 13:54:09 msi reac-pw[2896]: reac-pacer: ring depth 0 frames (0.00 ms) [interval min 0 (0.00 ms) max 0 (0.00 ms)] | guard trims=0 dropped=0 frames | tx=1537574 tx_errors=10 late_wakes=696 catchup=696 dropped_slots=0
de set. 23 13:54:09 msi reac-pw[2896]: reac-health: drift +23.9 ppm | discard 0.000 frames/s (0.000 ms/s) | ring 0 frames (0.00 ms) | launch-miss 0.00/s (qdisc drops 13) | wake-late 2.35/s (worst 2 slots, under 250 us of a 2500 us lead; re-base 0.00/s) | tx_errors 10 | rate-match n/a ppm | pacer etf
de set. 23 13:54:15 msi reac-pw[2896]: reac-pacer: ring depth 0 frames (0.00 ms) [interval min 0 (0.00 ms) max 0 (0.00 ms)] | guard trims=0 dropped=0 frames | tx=4924569 tx_errors=19 late_wakes=5129 catchup=5129 dropped_slots=0
de set. 23 13:54:16 msi reac-pw[2896]: reac-health: drift +73.2 ppm | discard 0.000 frames/s (0.000 ms/s) | ring 0 frames (0.00 ms) | launch-miss 0.00/s (qdisc drops 40) | wake-late 6.67/s (worst 3 slots, under 375 us of a 2500 us lead; re-base 0.00/s) | tx_errors 19 | rate-match n/a ppm | pacer etf
de set. 23 13:54:20 msi reac-pw[2896]: reac-pacer: ring depth 0 frames (0.00 ms) [interval min 0 (0.00 ms) max 0 (0.00 ms)] | guard trims=0 dropped=0 frames | tx=1619173 tx_errors=11 late_wakes=718 catchup=718 dropped_slots=0
de set. 23 13:54:20 msi reac-pw[2896]: reac-health: drift +12.0 ppm | discard 0.000 frames/s (0.000 ms/s) | ring 0 frames (0.00 ms) | launch-miss 0.10/s (qdisc drops 14) | wake-late 2.16/s (worst 2 slots, under 250 us of a 2500 us lead; re-base 0.00/s) | tx_errors 11 | rate-match n/a ppm | pacer etf
de set. 23 13:54:25 msi reac-pw[2896]: reac-pacer: ring depth 0 frames (0.00 ms) [interval min 0 (0.00 ms) max 0 (0.00 ms)] | guard trims=0 dropped=0 frames | tx=5006163 tx_errors=19 late_wakes=5246 catchup=5246 dropped_slots=0
de set. 23 13:54:26 msi reac-pw[2896]: reac-health: drift +62.6 ppm | discard 0.000 frames/s (0.000 ms/s) | ring 0 frames (0.00 ms) | launch-miss 0.00/s (qdisc drops 40) | wake-late 11.50/s (worst 3 slots, under 375 us of a 2500 us lead; re-base 0.00/s) | tx_errors 19 | rate-match n/a ppm | pacer etf
de set. 23 13:54:30 msi reac-pw[2896]: reac-pacer: ring depth 0 frames (0.00 ms) [interval min 0 (0.00 ms) max 0 (0.00 ms)] | guard trims=0 dropped=0 frames | tx=1699172 tx_errors=12 late_wakes=755 catchup=755 dropped_slots=0
de set. 23 13:54:30 msi reac-pw[2896]: reac-health: drift +12.6 ppm | discard 0.000 frames/s (0.000 ms/s) | ring 0 frames (0.00 ms) | launch-miss 0.10/s (qdisc drops 15) | wake-late 3.70/s (worst 4 slots, under 500 us of a 2500 us lead; re-base 0.00/s) | tx_errors 12 | rate-match n/a ppm | pacer etf
de set. 23 13:54:35 msi reac-pw[2896]: reac-pacer: ring depth 0 frames (0.00 ms) [interval min 0 (0.00 ms) max 0 (0.00 ms)] | guard trims=0 dropped=0 frames | tx=5087758 tx_errors=19 late_wakes=5304 catchup=5304 dropped_slots=0
de set. 23 13:54:36 msi reac-pw[2896]: reac-health: drift +62.7 ppm | discard 0.000 frames/s (0.000 ms/s) | ring 0 frames (0.00 ms) | launch-miss 0.00/s (qdisc drops 40) | wake-late 6.10/s (worst 5 slots, under 625 us of a 2500 us lead; re-base 0.00/s) | tx_errors 19 | rate-match n/a ppm | pacer etf
de set. 23 13:54:39 msi reac-pw[2896]: reac-master: [707.020878] box JOIN seen (cdea 04 03, unicast from 00:40:ab:c4:80:41) -> ESTABLISHED
de set. 23 13:54:39 msi reac-pw[2896]:   blk: 04030014000200fe 0ff0410a00001212 01000600090070f7 0000000000000000
de set. 23 13:54:40 msi reac-pw[2896]: reac-pacer: ring depth 0 frames (0.00 ms) [interval min 0 (0.00 ms) max 0 (0.00 ms)] | guard trims=0 dropped=0 frames | tx=1779172 tx_errors=12 late_wakes=820 catchup=820 dropped_slots=0
de set. 23 13:54:40 msi reac-pw[2896]: reac-health: drift +17.2 ppm | discard 0.000 frames/s (0.000 ms/s) | ring 0 frames (0.00 ms) | launch-miss 0.00/s (qdisc drops 15) | wake-late 6.50/s (worst 3 slots, under 375 us of a 2500 us lead; re-base 0.00/s) | tx_errors 12 | rate-match n/a ppm | pacer etf
de set. 23 13:54:43 msi reac-pw[2896]: reac-master: [711.122012] box JOIN seen (cdea 04 03, unicast from 00:40:ab:c4:80:41) -> ESTABLISHED
de set. 23 13:54:43 msi reac-pw[2896]:   blk: 04030014000200fe 0ff0410a00001212 01000600090070f7 0000000000000000
de set. 23 13:54:45 msi reac-pw[2896]: reac-pacer: ring depth 0 frames (0.00 ms) [interval min 0 (0.00 ms) max 0 (0.00 ms)] | guard trims=0 dropped=0 frames | tx=5167753 tx_errors=21 late_wakes=5374 catchup=5374 dropped_slots=0
de set. 23 13:54:46 msi reac-pw[2896]: reac-health: drift +63.3 ppm | discard 0.000 frames/s (0.000 ms/s) | ring 0 frames (0.00 ms) | launch-miss 0.20/s (qdisc drops 42) | wake-late 6.60/s (worst 2 slots, under 250 us of a 2500 us lead; re-base 0.00/s) | tx_errors 21 | rate-match n/a ppm | pacer etf
de set. 23 13:54:50 msi reac-pw[2896]: reac-pacer: ring depth 0 frames (0.00 ms) [interval min 0 (0.00 ms) max 0 (0.00 ms)] | guard trims=0 dropped=0 frames | tx=1860769 tx_errors=12 late_wakes=966 catchup=966 dropped_slots=0
de set. 23 13:54:50 msi reac-pw[2896]: reac-health: drift +20.1 ppm | discard 0.000 frames/s (0.000 ms/s) | ring 0 frames (0.00 ms) | launch-miss 0.00/s (qdisc drops 15) | wake-late 14.31/s (worst 4 slots, under 500 us of a 2500 us lead; re-base 0.00/s) | tx_errors 12 | rate-match n/a ppm | pacer etf
de set. 23 13:54:55 msi reac-pw[2896]: reac-pacer: ring depth 0 frames (0.00 ms) [interval min 0 (0.00 ms) max 0 (0.00 ms)] | guard trims=0 dropped=0 frames | tx=5249348 tx_errors=21 late_wakes=5490 catchup=5490 dropped_slots=0
de set. 23 13:54:56 msi reac-pw[2896]: reac-health: drift +72.6 ppm | discard 0.000 frames/s (0.000 ms/s) | ring 0 frames (0.00 ms) | launch-miss 0.00/s (qdisc drops 42) | wake-late 11.47/s (worst 5 slots, under 625 us of a 2500 us lead; re-base 0.00/s) | tx_errors 21 | rate-match n/a ppm | pacer etf
de set. 23 13:55:00 msi reac-pw[2896]: reac-pacer: ring depth 0 frames (0.00 ms) [interval min 0 (0.00 ms) max 0 (0.00 ms)] | guard trims=0 dropped=0 frames | tx=1940768 tx_errors=15 late_wakes=1056 catchup=1056 dropped_slots=0
de set. 23 13:55:00 msi reac-pw[2896]: reac-health: drift +0.1 ppm | discard 0.000 frames/s (0.000 ms/s) | ring 0 frames (0.00 ms) | launch-miss 0.30/s (qdisc drops 18) | wake-late 9.00/s (worst 5 slots, under 625 us of a 2500 us lead; re-base 0.00/s) | tx_errors 15 | rate-match n/a ppm | pacer etf
de set. 23 13:55:05 msi reac-pw[2896]: reac-pacer: ring depth 0 frames (0.00 ms) [interval min 0 (0.00 ms) max 0 (0.00 ms)] | guard trims=0 dropped=0 frames | tx=5329343 tx_errors=21 late_wakes=5819 catchup=5819 dropped_slots=0
de set. 23 13:55:06 msi reac-pw[2896]: reac-health: drift +47.8 ppm | discard 0.000 frames/s (0.000 ms/s) | ring 0 frames (0.00 ms) | launch-miss 0.00/s (qdisc drops 42) | wake-late 33.90/s (worst 7 slots, under 875 us of a 2500 us lead; re-base 0.00/s) | tx_errors 21 | rate-match n/a ppm | pacer etf
de set. 23 13:55:08 msi reac-pw[2896]: reac-master: [736.529128] box JOIN seen (cdea 04 03, unicast from 00:40:ab:c4:80:41) -> ESTABLISHED
de set. 23 13:55:08 msi reac-pw[2896]:   blk: 04030014000200fe 0ff0410a00001212 01000600090070f7 0000000000000000
de set. 23 13:55:10 msi reac-pw[2896]: reac-pacer: ring depth 0 frames (0.00 ms) [interval min 0 (0.00 ms) max 0 (0.00 ms)] | guard trims=0 dropped=0 frames | tx=2020768 tx_errors=18 late_wakes=1765 catchup=1765 dropped_slots=0
de set. 23 13:55:10 msi reac-pw[2896]: reac-health: drift +14.0 ppm | discard 0.000 frames/s (0.000 ms/s) | ring 0 frames (0.00 ms) | launch-miss 0.30/s (qdisc drops 21) | wake-late 70.90/s (worst 7 slots, under 875 us of a 2500 us lead; re-base 0.00/s) | tx_errors 18 | rate-match n/a ppm | pacer etf
de set. 23 13:55:14 msi reac-pw[2896]: reac-master: [742.530763] box JOIN seen (cdea 04 03, unicast from 00:40:ab:c4:80:41) -> ESTABLISHED
de set. 23 13:55:14 msi reac-pw[2896]:   blk: 04030014000200fe 0ff0410a00001212 01000600090070f7 0000000000000000
de set. 23 13:55:15 msi reac-pw[2896]: reac-pacer: ring depth 0 frames (0.00 ms) [interval min 0 (0.00 ms) max 0 (0.00 ms)] | guard trims=0 dropped=0 frames | tx=5410940 tx_errors=25 late_wakes=6411 catchup=6411 dropped_slots=0
de set. 23 13:55:16 msi reac-pw[2896]: reac-health: drift +39.5 ppm | discard 0.000 frames/s (0.000 ms/s) | ring 0 frames (0.00 ms) | launch-miss 0.39/s (qdisc drops 46) | wake-late 57.94/s (worst 8 slots, under 1000 us of a 2500 us lead; re-base 0.00/s) | tx_errors 25 | rate-match n/a ppm | pacer etf
de set. 23 13:55:20 msi reac-pw[2896]: reac-pacer: ring depth 0 frames (0.00 ms) [interval min 0 (0.00 ms) max 0 (0.00 ms)] | guard trims=0 dropped=0 frames | tx=2102367 tx_errors=21 late_wakes=2129 catchup=2129 dropped_slots=0
de set. 23 13:55:20 msi reac-pw[2896]: reac-health: drift +11.1 ppm | discard 0.000 frames/s (0.000 ms/s) | ring 0 frames (0.00 ms) | launch-miss 0.29/s (qdisc drops 24) | wake-late 35.69/s (worst 7 slots, under 875 us of a 2500 us lead; re-base 0.00/s) | tx_errors 21 | rate-match n/a ppm | pacer etf
de set. 23 13:55:22 msi reac-pw[2896]: reac-master: [750.032848] box JOIN seen (cdea 04 03, unicast from 00:40:ab:c4:80:41) -> ESTABLISHED
de set. 23 13:55:22 msi reac-pw[2896]:   blk: 04030014000200fe 0ff0410a00001212 01000600090070f7 0000000000000000
de set. 23 13:55:25 msi reac-pw[2896]: reac-pacer: ring depth 0 frames (0.00 ms) [interval min 0 (0.00 ms) max 0 (0.00 ms)] | guard trims=0 dropped=0 frames | tx=5490936 tx_errors=26 late_wakes=6874 catchup=6874 dropped_slots=0
de set. 23 13:55:26 msi reac-pw[2896]: reac-health: drift +48.7 ppm | discard 0.000 frames/s (0.000 ms/s) | ring 0 frames (0.00 ms) | launch-miss 0.10/s (qdisc drops 47) | wake-late 51.37/s (worst 8 slots, under 1000 us of a 2500 us lead; re-base 0.00/s) | tx_errors 26 | rate-match n/a ppm | pacer etf
de set. 23 13:55:28 msi reac-pw[2896]: reac-master: [756.234633] box JOIN seen (cdea 04 03, unicast from 00:40:ab:c4:80:41) -> ESTABLISHED
de set. 23 13:55:28 msi reac-pw[2896]:   blk: 04030014000200fe 0ff0410a00001212 01000600090070f7 0000000000000000
de set. 23 13:55:30 msi reac-pw[2896]: reac-pacer: ring depth 0 frames (0.00 ms) [interval min 0 (0.00 ms) max 0 (0.00 ms)] | guard trims=0 dropped=0 frames | tx=2183967 tx_errors=21 late_wakes=2549 catchup=2549 dropped_slots=0
de set. 23 13:55:30 msi reac-pw[2896]: reac-health: drift -0.3 ppm | discard 0.000 frames/s (0.000 ms/s) | ring 0 frames (0.00 ms) | launch-miss 0.00/s (qdisc drops 24) | wake-late 41.18/s (worst 7 slots, under 875 us of a 2500 us lead; re-base 0.00/s) | tx_errors 21 | rate-match n/a ppm | pacer etf
de set. 23 13:55:36 msi reac-pw[2896]: reac-pacer: ring depth 0 frames (0.00 ms) [interval min 0 (0.00 ms) max 0 (0.00 ms)] | guard trims=0 dropped=0 frames | tx=5572532 tx_errors=27 late_wakes=7158 catchup=7158 dropped_slots=0
de set. 23 13:55:36 msi reac-pw[2896]: reac-health: drift +61.5 ppm | discard 0.000 frames/s (0.000 ms/s) | ring 0 frames (0.00 ms) | launch-miss 0.10/s (qdisc drops 48) | wake-late 21.08/s (worst 6 slots, under 750 us of a 2500 us lead; re-base 0.00/s) | tx_errors 27 | rate-match n/a ppm | pacer etf
de set. 23 13:55:40 msi reac-pw[2896]: reac-pacer: ring depth 0 frames (0.00 ms) [interval min 0 (0.00 ms) max 0 (0.00 ms)] | guard trims=0 dropped=0 frames | tx=2265566 tx_errors=22 late_wakes=2772 catchup=2772 dropped_slots=0
de set. 23 13:55:40 msi reac-pw[2896]: reac-health: drift +12.8 ppm | discard 0.000 frames/s (0.000 ms/s) | ring 0 frames (0.00 ms) | launch-miss 0.10/s (qdisc drops 25) | wake-late 21.86/s (worst 6 slots, under 750 us of a 2500 us lead; re-base 0.00/s) | tx_errors 22 | rate-match n/a ppm | pacer etf
de set. 23 13:55:46 msi reac-pw[2896]: reac-pacer: ring depth 0 frames (0.00 ms) [interval min 0 (0.00 ms) max 0 (0.00 ms)] | guard trims=0 dropped=0 frames | tx=5654127 tx_errors=27 late_wakes=7317 catchup=7317 dropped_slots=0
de set. 23 13:55:47 msi reac-pw[2896]: reac-health: drift +60.7 ppm | discard 0.000 frames/s (0.000 ms/s) | ring 0 frames (0.00 ms) | launch-miss 0.00/s (qdisc drops 48) | wake-late 16.57/s (worst 9 slots, under 1125 us of a 2500 us lead; re-base 0.00/s) | tx_errors 27 | rate-match n/a ppm | pacer etf
de set. 23 13:55:51 msi reac-pw[2896]: reac-pacer: ring depth 0 frames (0.00 ms) [interval min 0 (0.00 ms) max 0 (0.00 ms)] | guard trims=0 dropped=0 frames | tx=2347165 tx_errors=22 late_wakes=2819 catchup=2819 dropped_slots=0
de set. 23 13:55:51 msi reac-pw[2896]: reac-health: drift +12.0 ppm | discard 0.000 frames/s (0.000 ms/s) | ring 0 frames (0.00 ms) | launch-miss 0.00/s (qdisc drops 25) | wake-late 4.61/s (worst 4 slots, under 500 us of a 2500 us lead; re-base 0.00/s) | tx_errors 22 | rate-match n/a ppm | pacer etf
de set. 23 13:55:53 msi reac-pw[2896]: reac-master: [780.841491] box JOIN seen (cdea 04 03, unicast from 00:40:ab:c4:80:41) -> ESTABLISHED
de set. 23 13:55:53 msi reac-pw[2896]:   blk: 04030014000200fe 0ff0410a00001212 01000600090070f7 0000000000000000
de set. 23 13:55:56 msi reac-pw[2896]: reac-pacer: ring depth 0 frames (0.00 ms) [interval min 0 (0.00 ms) max 0 (0.00 ms)] | guard trims=0 dropped=0 frames | tx=5734122 tx_errors=28 late_wakes=7457 catchup=7457 dropped_slots=0
de set. 23 13:55:57 msi reac-pw[2896]: reac-health: drift +63.6 ppm | discard 0.000 frames/s (0.000 ms/s) | ring 0 frames (0.00 ms) | launch-miss 0.10/s (qdisc drops 49) | wake-late 17.30/s (worst 6 slots, under 750 us of a 2500 us lead; re-base 0.00/s) | tx_errors 28 | rate-match n/a ppm | pacer etf
de set. 23 13:56:01 msi reac-pw[2896]: reac-pacer: ring depth 0 frames (0.00 ms) [interval min 0 (0.00 ms) max 0 (0.00 ms)] | guard trims=0 dropped=0 frames | tx=2428765 tx_errors=22 late_wakes=2920 catchup=2920 dropped_slots=0
de set. 23 13:56:01 msi reac-pw[2896]: reac-health: drift -0.6 ppm | discard 0.000 frames/s (0.000 ms/s) | ring 0 frames (0.00 ms) | launch-miss 0.00/s (qdisc drops 25) | wake-late 9.90/s (worst 5 slots, under 625 us of a 2500 us lead; re-base 0.00/s) | tx_errors 22 | rate-match n/a ppm | pacer etf
